Loaded HumanEval dataset with 162 samples
Iter 2: rand accepted per itr: [1, 1, 1, 1, 3, 1, 5, 4, 8, 4, 2, 4, 3, 4, 2, 7, 6], clean accepted per itr: [1, 1, 1, 1, 3, 1, 5, 4, 8, 8, 5, 4, 3, 4, 2, 7, 6]
Iter 3: rand accepted per itr: [2, 7, 4, 8, 11, 6, 4, 1, 1, 3, 1], clean accepted per itr: [2, 7, 11, 12, 13, 9, 4, 1, 1, 3, 1]
Iter 4: rand accepted per itr: [1, 2, 1, 1, 2, 2, 2, 1, 2, 5, 1, 1, 6, 7], clean accepted per itr: [1, 2, 1, 1, 12, 4, 2, 1, 2, 13, 1, 1, 8, 15]
Generated answers: ```python
from typing import List


def has_close_elements(numbers: List[float], threshold: float) -> bool:
    """ Check if in given list of numbers, are any two numbers closer to each other than
    given threshold.
    >>> has_close_elements([1.0, 2.0, 3.0], 0.5)
    False
    >>> has_close_elements([1.0, 2.8, 3.0, 4.0, 5.0, 2.0], 0.3)
    True
    """
    # Sort the list to make it easier to find close elements
    numbers.sort()
    # Iterate through the sorted list to check the difference between consecutive elements
    for i in range(len(numbers) - 1):
        if abs(numbers[i] - numbers[i + 1]) < threshold:
            return True
    return False
```<|im_end|>
Iter 2: rand accepted per itr: [2, 2, 3, 1, 3, 5, 3, 3, 3, 5, 6, 3, 1, 4, 3, 5, 5, 1], clean accepted per itr: [2, 2, 3, 1, 5, 5, 3, 3, 3, 5, 6, 3, 1, 6, 3, 7, 5, 1]
Iter 3: rand accepted per itr: [1, 3, 3, 3, 5, 6, 2, 1, 1, 2, 3, 2, 5, 3, 5, 2, 6], clean accepted per itr: [1, 7, 7, 3, 5, 6, 2, 1, 1, 2, 3, 2, 6, 4, 5, 2, 7]
Iter 4: rand accepted per itr: [1, 6, 4, 6, 4, 6, 7, 4, 5, 3, 2, 2, 1, 1], clean accepted per itr: [1, 6, 8, 6, 4, 6, 7, 4, 10, 3, 4, 3, 1, 1]
Iter 5: rand accepted per itr: [1, 2, 5, 4, 4, 3, 4, 7, 5, 4, 6, 4, 4, 5], clean accepted per itr: [1, 2, 5, 4, 4, 3, 4, 10, 5, 4, 6, 5, 4, 7]
Iter 6: rand accepted per itr: [1, 5, 6, 4, 5, 5, 3, 3, 3, 3, 2, 1, 1, 1, 1, 2, 2, 2, 1, 2, 3], clean accepted per itr: [1, 5, 6, 4, 5, 5, 3, 3, 3, 3, 6, 1, 1, 1, 1, 2, 3, 2, 1, 2, 6]
Iter 7: rand accepted per itr: [1, 1, 1, 1, 1, 5, 7, 6, 3, 1, 3, 1, 6, 5, 1, 3, 6, 3], clean accepted per itr: [1, 1, 1, 1, 1, 6, 10, 6, 3, 1, 3, 1, 7, 5, 1, 3, 10, 3]
Generated answers: ```python
from typing import List


def separate_paren_groups(paren_string: str) -> List[str]:
    """ Input to this function is a string containing multiple groups of nested parentheses. Your goal is to
    separate those group into separate strings and return the list of those.
    Separate groups are balanced (each open brace is properly closed) and not nested within each other
    Ignore any spaces in the input string.
    >>> separate_paren_groups('( ) (( ```python
from typing import List


def separate_paren_groups(paren_string: str) -> List[str]:
    """ Input to this function is a string containing multiple groups of nested parentheses. Your goal is to
    separate those group into separate strings and return the list of those.
    Separate groups are balanced (each open brace is properly closed) and not nested within each other
    Ignore any spaces in the input string.
    >>> separate_paren_groups('( ) (( ```python
from typing import List


def separate_paren_groups(paren_string: str) -> List[str]:
    """ Input to this function is a string containing multiple groups of nested parentheses. Your goal is to
    separate those group into separate strings and return the list of those.
    Separate groups are balanced (each open brace is properly closed) and not nested within each other
    Ignore any spaces in the input string.
    >>> separate_paren_groups('( ) (( ")) (( )( "))')
    ['()', '(())', '(()())']
    """
    result = []
    stack = []
    current_group = []
    for char in paren_string.replace(" ", ""):
        if char == '(':
            stack.append(char)
            current_group.append(char)
        elif char == ')':
            stack.pop()
            current_group.append(char)
            if not stack:
                result.append(''.join(current_group))
                current_group = []
    return result
```<|im_end|>
Iter 2: rand accepted per itr: [1, 2, 3, 4, 4, 2, 5, 3, 3, 1, 2, 5, 4, 3, 3, 3, 5], clean accepted per itr: [1, 2, 3, 4, 4, 2, 5, 3, 3, 1, 2, 9, 4, 3, 3, 3, 12]
Iter 3: rand accepted per itr: [1, 7, 6, 2, 3, 2, 3], clean accepted per itr: [1, 10, 6, 2, 3, 2, 3]
Generated answers: ```python
def truncate_number(number: float) -> float:
    """ Given a positive floating point number, it can be decomposed into
    and integer part (largest integer smaller than given number) and decimals
    (leftover part always smaller than 1).

    Return the decimal part of the number.
    >>> truncate_number(3.5)
    0.5
    """
    return number - int(number)
```<|im_end|>
Iter 2: rand accepted per itr: [1, 1, 2, 3, 3, 6, 5, 1, 4, 6, 3, 2, 2, 6, 5, 3, 7], clean accepted per itr: [1, 1, 2, 3, 3, 6, 5, 1, 4, 6, 3, 4, 2, 6, 6, 3, 8]
Iter 3: rand accepted per itr: [1, 3, 3, 3, 1, 5, 4, 3, 4, 1, 5, 4], clean accepted per itr: [1, 3, 3, 3, 1, 21, 12, 3, 5, 1, 7, 4]
Iter 4: rand accepted per itr: [1, 7, 8, 1, 5], clean accepted per itr: [1, 7, 8, 1, 5]
Generated answers: ```python
from typing import List


def below_zero(operations: List[int]) -> bool:
    """ You're given a list of deposit and withdrawal operations on a bank account that starts with
    zero balance. Your task is to detect if at any point the balance of account fallls below zero, and
    at that point function should return True. Otherwise it should return False.
    >>> below_zero([1, 2, 3])
    False
    >>> below_zero([1, 2, -4, 5])
    True
    """
    balance = 0
    for operation in operations:
        balance += operation
        if balance < 0:
            return True
    return False
```<|im_end|>
Iter 2: rand accepted per itr: [1, 1, 1, 1, 3, 1, 5, 5, 4, 2, 8, 1, 2, 3, 3, 7, 3, 3, 3], clean accepted per itr: [1, 1, 1, 1, 3, 1, 5, 5, 4, 2, 10, 1, 2, 3, 6, 9, 3, 3, 3]
Iter 3: rand accepted per itr: [1, 3, 2, 5, 4, 3, 8, 9, 2, 1, 3, 1, 4, 5, 2], clean accepted per itr: [1, 3, 4, 5, 4, 3, 9, 9, 9, 1, 3, 1, 4, 6, 2]
Iter 4: rand accepted per itr: [1, 5, 6, 7], clean accepted per itr: [1, 5, 6, 7]
Generated answers: ```python
from typing import List


def mean_absolute_deviation(numbers: List[float]) -> float:
    """ For a given list of input numbers, calculate Mean Absolute Deviation
    around the mean of this dataset.
    Mean Absolute Deviation is the average absolute difference between each
    element and a centerpoint (mean in this case):
    MAD = average | x - x_mean |
    >>> mean_absolute_deviation([1.0, 2.0, 3.0, 4.0])
    1.0
    """
    mean = sum(numbers) / len(numbers)
    mad = sum(abs(x - mean) for x in numbers) / len(numbers)
    return mad
```<|im_end|>
====[5/162] task_id=HumanEval/4 new_toks=147 calls=4 avg_iter/call=9.50 reason=eos====
Iter 2: rand accepted per itr: [1, 1, 1, 2, 2, 2, 6, 5, 3, 2, 5, 6, 4, 1, 8], clean accepted per itr: [1, 1, 1, 2, 2, 2, 6, 5, 6, 2, 5, 9, 13, 1, 8]
Iter 3: rand accepted per itr: [1, 5, 2, 8, 1, 1, 1, 6, 2, 3, 3, 2, 3, 3, 1, 1, 5, 4], clean accepted per itr: [1, 5, 9, 9, 1, 1, 1, 6, 4, 3, 3, 2, 3, 3, 1, 1, 7, 4]
Generated answers: ```python
from typing import List


def intersperse(numbers: List[int], delimeter: int) -> List[int]:
    """ Insert a number 'delimeter' between every two consecutive elements of input list `numbers'
    >>> intersperse([], 4)
    []
    >>> intersperse([1, 2, 3], 4)
    [1, 4, 2, 4, 3]
    """
    if not numbers:
        return []
    result = [numbers[0]]
    for number in numbers[1:]:
        result.extend([delimeter, number])
    return result
```<|im_end|>
Iter 2: rand accepted per itr: [1, 2, 1, 3, 4, 6, 7, 2, 6, 2, 4, 5, 8, 5, 1, 3], clean accepted per itr: [1, 2, 1, 3, 4, 6, 7, 2, 8, 2, 5, 5, 8, 5, 1, 4]
Iter 3: rand accepted per itr: [1, 6, 4, 2, 3, 2, 5, 2, 3, 3, 7, 6, 1, 1, 1, 1, 1, 1, 3, 5, 2, 2, 1], clean accepted per itr: [1, 6, 4, 2, 3, 2, 5, 2, 3, 3, 7, 7, 1, 1, 1, 1, 1, 1, 3, 5, 2, 2, 1]
Iter 4: rand accepted per itr: [1, 5, 1, 5, 1, 3, 7, 4, 6, 4, 2, 5, 5, 1], clean accepted per itr: [1, 5, 1, 5, 1, 3, 11, 10, 10, 4, 2, 5, 5, 1]
Iter 5: rand accepted per itr: [1], clean accepted per itr: [1]
Generated answers: ```python
from typing import List


def parse_nested_parens(paren_string: str) -> List[int]:
    """ Input to this function is a string represented multiple groups for nested parentheses separated by spaces.
    For each of the group, output the deepest level of nesting of parentheses.
    E.g. (()()) has maximum two levels of nesting while ((())) has three.

    >>> parse_nested_parens('(()()) ((())) () ((())()())')
    [2, 3, 1, 3]
    """
    def max_depth(s: str) -> int:
        depth = 0
        max_depth = 0
        for char in s:
            if char == '(':
                depth += 1
                max_depth = max(max_depth, depth)
            elif char == ')':
                depth -= 1
        return max_depth

    return [max_depth(group) for group in paren_string.split()]
```<|im_end|>
Iter 2: rand accepted per itr: [1, 1, 1, 1, 3, 1, 5, 6, 7, 4, 4, 4, 4, 5, 4, 3, 4], clean accepted per itr: [1, 1, 1, 1, 3, 1, 5, 7, 7, 4, 4, 4, 4, 5, 4, 8, 4]
Iter 3: rand accepted per itr: [1, 7, 9, 8, 5, 3, 2, 4], clean accepted per itr: [1, 7, 9, 8, 5, 3, 4, 4]
Generated answers: ```python
from typing import List


def filter_by_substring(strings: List[str], substring: str) -> List[str]:
    """ Filter an input list of strings only for ones that contain given substring
    >>> filter_by_substring([], 'a')
    []
    >>> filter_by_substring(['abc', 'bacd', 'cde', 'array'], 'a')
    ['abc', 'bacd', 'array']
    """
    return [s for s in strings if substring in s]
```<|im_end|>
Iter 2: rand accepted per itr: [3, 1, 4, 5, 5, 7, 2, 6, 4, 3, 3, 4, 7], clean accepted per itr: [3, 1, 4, 5, 5, 8, 2, 6, 8, 3, 3, 9, 7]
Iter 3: rand accepted per itr: [1, 1, 5, 3, 5, 8, 2, 2, 1, 4, 8, 1, 4], clean accepted per itr: [1, 1, 5, 3, 5, 19, 10, 2, 1, 4, 8, 1, 4]
Iter 4: rand accepted per itr: [1, 4, 1, 2, 2, 2, 5, 37], clean accepted per itr: [1, 4, 1, 2, 2, 8, 9, 37]
Generated answers: ```python
from typing import List, Tuple


def sum_product(numbers: List[int]) -> Tuple[int, int]:
    """ For a given list of integers, return a tuple consisting of a sum and a product of all the integers in a list.
    Empty sum should be equal to 0 and empty product should be equal to 1.
    >>> sum_product([])
    (0, 1)
    >>> sum_product([1, 2, 3, 4])
    (10, 24)
    """
    if not numbers:
        return 0, 1
    total_sum = sum(numbers)
    total_product = 1
    for number in numbers:
        total_product *= number
    return total_sum, total_product
```<|im_end|>
Iter 2: rand accepted per itr: [1, 1, 1, 1, 4, 3, 5, 5, 3, 6, 4, 4, 12], clean accepted per itr: [1, 1, 1, 1, 4, 3, 5, 7, 3, 12, 5, 6, 15]
Iter 3: rand accepted per itr: [1, 3, 12, 9, 2, 1, 5, 2, 1, 2, 3, 3, 6, 3, 1], clean accepted per itr: [1, 10, 12, 9, 2, 1, 5, 2, 1, 2, 3, 6, 6, 3, 1]
Iter 4: rand accepted per itr: [1, 6, 57], clean accepted per itr: [1, 6, 57]
Generated answers: ```python
from typing import List, Tuple


def rolling_max(numbers: List[int]) -> List[int]:
    """ From a given list of integers, generate a list of rolling maximum element found until given moment
    in the sequence.
    >>> rolling_max([1, 2, 3, 2, 3, 4, 2])
    [1, 2, 3, 3, 3, 4, 4]
    """
    if not numbers:
        return []

    result = [numbers[0]]
    for num in numbers[1:]:
        result.append(max(result[-1], num))
    return result
```<|im_end|>
====[10/162] task_id=HumanEval/9 new_toks=136 calls=4 avg_iter/call=7.75 reason=eos====
Iter 2: rand accepted per itr: [1, 1, 1, 1, 5, 6, 2, 7, 6, 1, 6, 7, 5, 5, 5, 1], clean accepted per itr: [1, 1, 1, 1, 5, 6, 2, 7, 6, 1, 6, 7, 5, 9, 5, 1]
Iter 3: rand accepted per itr: [1, 2, 5, 6, 4, 3, 2, 4, 4, 4, 2, 6, 6, 7], clean accepted per itr: [1, 3, 5, 8, 4, 3, 2, 7, 4, 4, 2, 6, 7, 8]
Iter 4: rand accepted per itr: [1, 6, 3, 1, 1, 3, 2, 3, 2, 2, 5, 4, 1, 4, 2, 1, 2, 2, 3], clean accepted per itr: [1, 7, 3, 1, 1, 3, 5, 8, 2, 2, 5, 5, 1, 4, 2, 1, 3, 4, 6]
Generated answers: ```python
def is_palindrome(string: str) -> bool:
    """ Test if given string is a palindrome """
    return string == string[::-1]


def make_palindrome(string: str) -> str:
    """ Find the shortest palindrome that begins with a supplied string.
    Algorithm idea is simple:
    - Find the longest postfix of supplied string that is a palindrome.
    - Append to the end of the string reverse of a string prefix that comes before the palindromic suffix.
    >>> make_palindrome('')
    ''
    >>> make_palindrome('cat')
    'catac'
    >>> make_palindrome('cata')
    'catac'
    """
    if is_palindrome(string):
        return string

    for i in range(len(string), -1, -1):
        if is_palindrome(string[i:]):
            return string + string[:i][::-1]

    return string
```<|im_end|>
Iter 2: rand accepted per itr: [3, 1, 3, 1, 4, 5, 6, 4, 3, 1, 4, 4, 6, 5, 6, 4], clean accepted per itr: [3, 1, 3, 1, 4, 5, 7, 4, 3, 1, 4, 4, 8, 5, 7, 4]
Iter 3: rand accepted per itr: [1, 5, 8, 1, 1, 1, 1, 1, 1, 3, 2, 1, 2, 1, 1, 2, 2, 4, 5, 2, 1, 1, 1, 2, 1, 1, 1, 1, 3, 2], clean accepted per itr: [1, 5, 10, 1, 1, 1, 1, 1, 1, 3, 2, 1, 2, 1, 1, 2, 2, 4, 5, 2, 1, 1, 1, 2, 1, 1, 1, 1, 6, 2]
Iter 4: rand accepted per itr: [1, 3, 7, 3, 2, 3], clean accepted per itr: [1, 5, 9, 3, 2, 44]
Generated answers: ```python
from typing import List


def string_xor(a: str, b: str) -> str:
    """ Input are two strings a and b consisting only of 1s and 0s.
    Perform binary XOR on these inputs and return result also as a string.
    >>> string_xor('010', '110')
    '100'
    """
    # Initialize an empty result string
    result = ""
    # Iterate over the characters in the strings
    for i in range(len(a)):
        # Perform XOR operation and append to the result string
        if a[i] == b[i]:
            result += '0'
        else:
            result += '1'
    return result
```<|im_end|>
Iter 2: rand accepted per itr: [3, 2, 4, 3, 5, 3, 1, 2, 5, 5, 3, 1, 3, 5, 1, 5, 1, 2], clean accepted per itr: [3, 2, 4, 3, 7, 3, 1, 6, 5, 5, 3, 1, 3, 8, 1, 6, 1, 2]
Iter 3: rand accepted per itr: [1, 7, 8, 2, 4, 9, 3, 1, 1, 6, 3, 1, 2, 1, 3, 2, 6], clean accepted per itr: [1, 7, 8, 2, 4, 9, 3, 1, 1, 6, 3, 1, 2, 1, 3, 6, 6]
Iter 4: rand accepted per itr: [1, 3, 10], clean accepted per itr: [1, 7, 12]
Generated answers: ```python
from typing import List, Optional


def longest(strings: List[str]) -> Optional[str]:
    """ Out of list of strings, return the longest one. Return the first one in case of multiple
    strings of the same length. Return None in case the input list is empty.
    >>> longest([])

    >>> longest(['a', 'b', 'c'])
    'a'
    >>> longest(['a', 'bb', 'ccc'])
    'ccc'
    """
    if not strings:
        return None
    longest_string = strings[0]
    for string in strings[1:]:
        if len(string) > len(longest_string):
            longest_string = string
    return longest_string
```<|im_end|>
Iter 2: rand accepted per itr: [1, 2, 4, 4, 6, 5, 7, 5, 5, 11, 11, 3], clean accepted per itr: [1, 2, 4, 4, 6, 5, 7, 5, 5, 11, 11, 3]
Iter 3: rand accepted per itr: [1, 2, 1, 1, 1, 1, 4, 9, 2], clean accepted per itr: [1, 4, 1, 1, 1, 1, 6, 9, 2]
Generated answers: ```python
def greatest_common_divisor(a: int, b: int) -> int:
    """ Return a greatest common divisor of two integers a and b
    >>> greatest_common_divisor(3, 5)
    1
    >>> greatest_common_divisor(25, 15)
    5
    """
    while b:
        a, b = b, a % b
    return a
```<|im_end|>
Iter 2: rand accepted per itr: [3, 1, 2, 3, 5, 5, 4, 3, 3, 4, 6, 3, 4, 2, 3], clean accepted per itr: [3, 1, 2, 3, 8, 5, 4, 8, 3, 4, 10, 3, 5, 2, 3]
Iter 3: rand accepted per itr: [1, 2, 4, 5, 1, 2], clean accepted per itr: [1, 2, 4, 5, 1, 2]
Generated answers: ```python
from typing import List


def all_prefixes(string: str) -> List[str]:
    """ Return list of all prefixes from shortest to longest of the input string
    >>> all_prefixes('abc')
    ['a', 'ab', 'abc']
    """
    return [string[:i] for i in range(1, len(string) + 1)]
```<|im_end|>
====[15/162] task_id=HumanEval/14 new_toks=78 calls=3 avg_iter/call=7.00 reason=eos====
Iter 2: rand accepted per itr: [3, 5, 7, 4, 6, 5, 3, 8, 8, 4, 4, 3, 1], clean accepted per itr: [3, 5, 8, 4, 7, 5, 3, 8, 8, 5, 4, 3, 1]
Iter 3: rand accepted per itr: [1, 2, 1, 3, 3, 4, 1, 1, 4], clean accepted per itr: [1, 2, 1, 3, 3, 4, 1, 1, 4]
Generated answers: ```python
def string_sequence(n: int) -> str:
    """ Return a string containing space-delimited numbers starting from 0 upto n inclusive.
    >>> string_sequence(0)
    '0'
    >>> string_sequence(5)
    '0 1 2 3 4 5'
    """
    return ' '.join(str(i) for i in range(n + 1))
```<|im_end|>
Iter 2: rand accepted per itr: [1, 2, 2, 7, 2, 4, 2, 5, 5, 4, 7, 7, 8, 3], clean accepted per itr: [1, 2, 2, 12, 2, 4, 2, 5, 5, 4, 7, 7, 8, 3]
Iter 3: rand accepted per itr: [1, 3, 1, 2, 4, 2, 3, 1, 2, 2, 5, 1, 3, 4, 3, 2, 6, 1, 6, 5], clean accepted per itr: [1, 3, 1, 2, 4, 3, 3, 1, 2, 2, 5, 1, 4, 4, 3, 2, 8, 1, 6, 8]
Generated answers: ```python
def count_distinct_characters(string: str) -> int:
    """ Given a string, find out how many distinct characters (regardless of case) does it consist of
    >>> count_distinct_characters('xyzXYZ')
    3
    >>> count_distinct_characters('Jerry')
    4
    """
    # Convert the string to lowercase to ensure case-insensitivity
    lowercased_string = string.lower()
    # Use a set to store distinct characters
    distinct_chars = set(lowercased_string)
    # Return the number of distinct characters
    return len(distinct_chars)
```<|im_end|>
Iter 2: rand accepted per itr: [1, 1, 1, 1, 3, 4, 6, 3, 3, 5, 3, 5, 2, 1, 8, 6, 1, 2, 4], clean accepted per itr: [1, 1, 1, 1, 3, 4, 6, 3, 3, 5, 7, 5, 2, 1, 8, 6, 1, 2, 4]
Iter 3: rand accepted per itr: [1, 4, 4, 3, 3, 4, 6, 6, 6, 7, 3, 4, 4, 4], clean accepted per itr: [1, 4, 4, 3, 6, 6, 6, 6, 6, 7, 3, 4, 4, 4]
Iter 4: rand accepted per itr: [1, 3, 7, 10, 9, 2, 6, 1, 1, 1, 1, 2, 2, 1, 1, 2, 1, 3, 7], clean accepted per itr: [1, 3, 7, 10, 10, 2, 6, 1, 1, 1, 1, 2, 2, 1, 1, 2, 1, 3, 9]
Iter 5: rand accepted per itr: [1, 3, 1, 2, 3, 4, 4, 4, 2, 2, 2, 2, 2, 1, 2, 2, 1, 5, 6], clean accepted per itr: [1, 4, 1, 2, 3, 5, 4, 4, 9, 4, 2, 2, 2, 1, 2, 3, 1, 5, 9]
Iter 6: rand accepted per itr: [1, 7, 10, 6, 6, 2, 4, 5], clean accepted per itr: [1, 7, 10, 6, 6, 2, 4, 28]
Generated answers: ```python
from typing import List


def parse_music(music_string: str) -> List[int]:
    """ Input to this function is a string representing musical notes in a special ASCII format.
    Your task is to parse this string and return list of integers corresponding to how many beats does each
    not last.

    Here is a legend:
    'o' - whole note, lasts four beats
    'o|' - half note, lasts two beats
    '.|' - quater note, lasts one beat

    >>> parse_music('o o| .| o| o| .| .| .| .| o o')
    [4, 2, 1, 2, 2, 1, 1, 1, 1, 4, 4]
    """
    # Split the input string by spaces to get individual notes
    notes = music_string.split()
    # Initialize an empty list to store the number of beats for each note
    beats = []
    # Iterate over each note in the list
    for note in notes:
        # Check the type of note and append the corresponding number of beats to the list
        if note == 'o':
            beats.append(4)
        elif note == 'o|':
            beats.append(2)
        elif note == '.|':
            beats.append(1)
    # Return the list of beats
    return beats
```<|im_end|>
Iter 2: rand accepted per itr: [2, 1, 2, 5, 6, 1, 6, 3, 6, 5, 4, 6], clean accepted per itr: [2, 1, 2, 9, 6, 1, 6, 3, 6, 18, 4, 6]
Iter 3: rand accepted per itr: [1, 4, 11, 4, 1, 2, 4, 7, 1, 2, 1, 2, 1, 3, 7, 1, 5, 1, 5], clean accepted per itr: [1, 4, 11, 4, 1, 3, 4, 7, 1, 2, 1, 2, 1, 3, 7, 1, 5, 1, 5]
Iter 4: rand accepted per itr: [1, 3, 1, 1, 5, 5, 2], clean accepted per itr: [1, 3, 1, 1, 6, 5, 2]
Generated answers: ```python
def how_many_times(string: str, substring: str) -> int:
    """ Find how many times a given substring can be found in the original string. Count overlaping cases.
    >>> how_many_times('', 'a')
    0
    >>> how_many_times('aaa', 'a')
    3
    >>> how_many_times('aaaa', 'aa')
    3
    """
    count = 0
    start = 0
    while start < len(string):
        pos = string.find(substring, start)
        if pos != -1:
            count += 1
            start = pos + 1
        else:
            break
    return count
```<|im_end|>
Iter 2: rand accepted per itr: [1, 1, 1, 1, 4, 3, 6, 6, 4, 3, 1, 4, 2, 5, 6, 3, 3], clean accepted per itr: [1, 1, 1, 1, 4, 4, 6, 6, 4, 3, 1, 4, 2, 14, 6, 3, 3]
Iter 3: rand accepted per itr: [1, 3, 4, 9, 9, 10, 8, 7, 4, 2], clean accepted per itr: [1, 3, 4, 14, 9, 12, 8, 7, 4, 2]
Iter 4: rand accepted per itr: [1, 2, 12, 6, 6, 1, 1, 1, 1, 2, 2, 1, 1, 4, 1, 2, 4, 2, 1, 3, 1, 2], clean accepted per itr: [1, 8, 12, 6, 6, 1, 1, 1, 1, 2, 3, 1, 1, 4, 1, 2, 4, 2, 1, 3, 1, 2]
Iter 5: rand accepted per itr: [1, 2, 1, 3, 1, 3, 3, 6, 1, 1, 6, 2, 1, 3, 3, 6, 5, 4, 1, 6, 3], clean accepted per itr: [1, 2, 1, 3, 1, 5, 3, 6, 1, 1, 6, 2, 1, 3, 3, 6, 5, 4, 1, 6, 3]
Iter 6: rand accepted per itr: [1, 1, 5, 4, 7, 29], clean accepted per itr: [1, 1, 5, 4, 24, 29]
Generated answers: ```python
from typing import List, Tuple


def find_closest_elements(numbers: List[float]) -> Tuple[float, float]:
    """ From a supplied list of numbers (of length at least two) select and return two that are the closest to each
    other and return them in order (smaller number, larger number).
    >>> find_closest_elements([1.0, 2.0, 3.0, 4.0, 5.0, 2.2])
    (2.0, 2.2)
    >>> find_closest_elements([1.0, 2.0, 3.0, 4.0, 5.0, 2.0])
    (2.0, 2.0)
    """
    # Sort the list to make it easier to find the closest elements
    numbers.sort()
    # Initialize variables to store the closest pair and the smallest difference found
    closest_pair = (numbers[0], numbers[1])
    smallest_diff = abs(numbers[1] - numbers[0])
    # Iterate through the list to find the closest pair
    for i in range(1, len(numbers) - 1):
        diff = abs(numbers[i + 1] - numbers[i])
        if diff < smallest_diff:
            smallest_diff = diff
            closest_pair = (numbers[i], numbers[i + 1])
    return closest_pair
```<|im_end|>
====[20/162] task_id=HumanEval/20 new_toks=298 calls=6 avg_iter/call=12.67 reason=eos====
Iter 2: rand accepted per itr: [1, 1, 1, 2, 3, 3, 6, 5, 1, 3, 4, 1, 8, 11, 6, 2], clean accepted per itr: [1, 1, 1, 2, 3, 3, 6, 8, 1, 3, 7, 1, 8, 11, 6, 2]
Iter 3: rand accepted per itr: [1, 2, 7, 8, 2, 1, 4, 5, 3, 4], clean accepted per itr: [1, 2, 8, 10, 2, 1, 4, 6, 3, 4]
Generated answers: ```python
from typing import List, Any


def filter_integers(values: List[Any]) -> List[int]:
    """ Filter given list of any python values only for integers
    >>> filter_integers(['a', 3.14, 5])
    [5]
    >>> filter_integers([1, 2, 3, 'abc', {}, []])
    [1, 2, 3]
    """
    return [value for value in values if isinstance(value, int)]
```<|im_end|>
Iter 2: rand accepted per itr: [3, 3, 6, 7, 2, 3, 4, 4, 4, 4], clean accepted per itr: [4, 3, 7, 7, 2, 3, 4, 9, 4, 4]
Generated answers: ```python
def strlen(string: str) -> int:
    """ Return length of given string
    >>> strlen('')
    0
    >>> strlen('abc')
    3
    """
    return len(string)
```<|im_end|>
Iter 2: rand accepted per itr: [1, 2, 3, 5, 5, 3, 8, 6, 3, 10, 4, 3, 1, 3, 2, 1], clean accepted per itr: [1, 2, 3, 6, 5, 3, 8, 8, 3, 10, 4, 3, 1, 4, 2, 1]
Iter 3: rand accepted per itr: [1, 4, 9, 1, 3, 1, 2], clean accepted per itr: [1, 4, 9, 1, 3, 1, 2]
Generated answers: ```python
def largest_divisor(n: int) -> int:
    """ For a given number n, find the largest number that divides n evenly, smaller than n
    >>> largest_divisor(15)
    5
    """
    for i in range(n-1, 0, -1):
        if n % i == 0:
            return i
    return 1
```<|im_end|>
Iter 2: rand accepted per itr: [1, 2, 2, 2, 1, 4, 6, 4, 7, 5, 6, 2, 2, 2, 4, 1, 7], clean accepted per itr: [1, 2, 2, 2, 1, 4, 6, 4, 11, 5, 6, 2, 2, 2, 4, 1, 9]
Iter 3: rand accepted per itr: [1, 5, 4, 1, 12, 3, 7, 8, 9, 9, 2], clean accepted per itr: [1, 5, 4, 1, 13, 3, 7, 8, 9, 11, 2]
Iter 4: rand accepted per itr: [1, 1, 1, 1, 1, 1, 1, 2, 1, 1, 1, 5, 1, 5, 5, 5, 3, 6], clean accepted per itr: [1, 1, 1, 1, 1, 1, 1, 2, 1, 1, 1, 26, 1, 5, 6, 5, 3, 6]
Iter 5: rand accepted per itr: [1, 6, 7, 8, 1, 1, 5, 8, 12, 2], clean accepted per itr: [1, 6, 7, 8, 1, 1, 5, 8, 23, 4]
Iter 6: rand accepted per itr: [1, 6, 11], clean accepted per itr: [1, 9, 12]
Generated answers: ```python
from typing import List


def factorize(n: int) -> List[int]:
    """ Return list of prime factors of given integer in the order from smallest to largest.
    Each of the factors should be listed number of times corresponding to how many times it appeares in factorization.
    Input number should be equal to the product of all factors
    >>> factorize(8)
    [2, 2, 2]
    >>> factorize(25)
    [5, 5]
    >>> factorize(70)
    [2, 5, 7]
    """
    factors = []
    # Divide n by 2 to remove all even factors
    while n % 2 == 0:
        factors.append(2)
        n //= 2
    # n must be odd at this point, so we can skip one element (Note i = i + 2)
    for i in range(3, int(n**0.5) + 1, 2):
        # While i divides n, append i and divide n
        while n % i == 0:
            factors.append(i)
            n //= i
    # This condition is to check if n is a prime number greater than 2
    if n > 2:
        factors.append(n)
    return factors
```<|im_end|>
Iter 2: rand accepted per itr: [3, 1, 3, 2, 6, 3, 5, 6, 5, 6, 7, 2, 7, 4], clean accepted per itr: [3, 1, 3, 2, 6, 7, 5, 6, 5, 6, 7, 2, 7, 4]
Iter 3: rand accepted per itr: [1, 10, 4, 1, 1, 1, 2, 5, 1, 2, 6, 6, 1, 10], clean accepted per itr: [1, 10, 4, 1, 1, 1, 2, 5, 1, 2, 6, 6, 1, 23]
Generated answers: ```python
from typing import List


def remove_duplicates(numbers: List[int]) -> List[int]:
    """ From a list of integers, remove all elements that occur more than once.
    Keep order of elements left the same as in the input.
    >>> remove_duplicates([1, 2, 3, 2, 4])
    [1, 3, 4]
    """
    seen = set()
    result = []
    for number in numbers:
        if number not in seen:
            seen.add(number)
            result.append(number)
    return result
```<|im_end|>
====[25/162] task_id=HumanEval/26 new_toks=118 calls=3 avg_iter/call=9.33 reason=eos====
Iter 2: rand accepted per itr: [1, 2, 5, 5, 1, 3, 6, 4, 5, 8, 1, 1, 1, 1, 1, 4], clean accepted per itr: [1, 3, 5, 5, 1, 3, 6, 7, 5, 8, 1, 1, 1, 1, 1, 4]
Generated answers: ```python
def flip_case(string: str) -> str:
    """ For a given string, flip lowercase characters to uppercase and uppercase to lowercase.
    >>> flip_case('Hello')
    'hELLO'
    """
    return string.swapcase()
```<|im_end|>
Iter 2: rand accepted per itr: [3, 1, 3, 1, 3, 3, 6, 4, 7, 2, 3, 1, 6, 6, 2, 1, 2, 1, 4], clean accepted per itr: [3, 1, 3, 1, 3, 3, 6, 4, 7, 2, 3, 1, 10, 6, 2, 1, 3, 1, 4]
Iter 3: rand accepted per itr: [1, 8, 55], clean accepted per itr: [1, 8, 55]
Generated answers: ```python
from typing import List


def concatenate(strings: List[str]) -> str:
    """ Concatenate list of strings into a single string
    >>> concatenate([])
    ''
    >>> concatenate(['a', 'b', 'c'])
    'abc'
    """
    result = ""
    for string in strings:
        result += string
    return result
```<|im_end|>
Iter 2: rand accepted per itr: [2, 1, 2, 2, 2, 6, 4, 7, 5, 8, 5, 2, 6], clean accepted per itr: [2, 1, 2, 2, 2, 6, 4, 11, 6, 12, 5, 2, 9]
Iter 3: rand accepted per itr: [1, 8, 7, 4, 4, 5, 32], clean accepted per itr: [1, 9, 9, 4, 4, 5, 32]
Generated answers: ```python
from typing import List


def filter_by_prefix(strings: List[str], prefix: str) -> List[str]:
    """ Filter an input list of strings only for ones that start with a given prefix.
    >>> filter_by_prefix([], 'a')
    []
    >>> filter_by_prefix(['abc', 'bcd', 'cde', 'array'], 'a')
    ['abc', 'array']
    """
    return [s for s in strings if s.startswith(prefix)]
```<|im_end|>
Iter 2: rand accepted per itr: [3, 5, 4, 4, 5, 2, 9, 9, 9, 8, 6], clean accepted per itr: [3, 5, 4, 4, 5, 2, 9, 9, 9, 8, 6]
Iter 3: rand accepted per itr: [1, 1, 11, 7, 6, 13, 7, 2, 2, 4, 6, 1], clean accepted per itr: [1, 1, 12, 7, 7, 13, 7, 2, 2, 4, 7, 1]
Iter 4: rand accepted per itr: [1, 59], clean accepted per itr: [1, 63]
Generated answers: ```python
def get_positive(l: list):
    """Return only positive numbers in the list.
    >>> get_positive([-1, 2, -4, 5, 6])
    [2, 5, 6]
    >>> get_positive([5, 3, -5, 2, -3, 3, 9, 0, 123, 1, -10])
    [5, 3, 2, 3, 9, 123, 1]
    """
    return [x for x in l if x > 0]
```<|im_end|>
Iter 2: rand accepted per itr: [1, 1, 1, 6, 2, 5, 4, 4, 9, 11, 9, 2, 7], clean accepted per itr: [1, 1, 1, 7, 2, 5, 4, 4, 9, 12, 9, 2, 7]
Iter 3: rand accepted per itr: [1, 6, 10, 4, 6, 3, 4, 4, 5, 2, 9], clean accepted per itr: [1, 6, 11, 4, 13, 5, 4, 4, 5, 2, 9]
Iter 4: rand accepted per itr: [1, 2, 1, 6, 9, 5, 5, 7, 5, 11, 6, 2], clean accepted per itr: [1, 2, 1, 8, 10, 5, 5, 7, 6, 11, 6, 2]
Iter 5: rand accepted per itr: [1, 5], clean accepted per itr: [1, 5]
Generated answers: ```python
def is_prime(n):
    """Return true if a given number is prime, and false otherwise.
    >>> is_prime(6)
    False
    >>> is_prime(101)
    True
    >>> is_prime(11)
    True
    >>> is_prime(13441)
    True
    >>> is_prime(61)
    True
    >>> is_prime(4)
    False
    >>> is_prime(1)
    False
    """
    if n <= 1:
        return False
    if n <= 3:
        return True
    if n % 2 == 0 or n % 3 == 0:
        return False
    i = 5
    while i * i <= n:
        if n % i == 0 or n % (i + 2) == 0:
            return False
        i += 6
    return True
```<|im_end|>
====[30/162] task_id=HumanEval/31 new_toks=197 calls=5 avg_iter/call=7.60 reason=eos====
Iter 2: rand accepted per itr: [1, 1, 2, 1, 1, 4, 4, 4, 5, 3, 4, 7, 7, 3, 7, 4], clean accepted per itr: [1, 1, 2, 1, 1, 4, 5, 4, 5, 3, 4, 7, 7, 3, 9, 7]
Iter 3: rand accepted per itr: [1, 4, 5, 7, 1, 5, 2, 8, 5, 4, 2], clean accepted per itr: [1, 4, 5, 7, 1, 10, 2, 8, 12, 12, 2]
Iter 4: rand accepted per itr: [1, 2, 5, 4, 2, 2, 5, 4, 5, 10, 2, 2], clean accepted per itr: [1, 2, 7, 4, 2, 2, 8, 4, 20, 10, 2, 2]
Iter 5: rand accepted per itr: [1, 7, 7, 5, 7, 6, 8, 5, 6, 4], clean accepted per itr: [1, 7, 7, 5, 7, 6, 13, 5, 9, 4]
Iter 6: rand accepted per itr: [1, 2, 1, 1, 2, 3, 2, 1, 5, 3, 2, 6, 4, 2, 2, 1, 2, 1, 1, 3, 1, 1, 1, 1, 2, 1, 2, 3], clean accepted per itr: [1, 2, 1, 1, 2, 3, 2, 1, 5, 3, 2, 7, 6, 2, 2, 1, 2, 1, 1, 3, 1, 1, 1, 1, 3, 1, 2, 6]
Iter 7: rand accepted per itr: [1, 5, 2, 2, 2, 1, 1, 2, 2, 2, 5, 2, 2, 1, 2, 2, 1, 2, 2, 1, 3, 1, 2, 2, 5, 1, 1], clean accepted per itr: [1, 5, 6, 2, 2, 1, 1, 2, 2, 3, 5, 2, 2, 1, 2, 2, 1, 6, 2, 1, 3, 1, 2, 2, 5, 1, 1]
Iter 8: rand accepted per itr: [1, 2, 1, 1, 1, 4, 1, 1, 3, 1, 6, 1, 1, 2, 5, 31], clean accepted per itr: [1, 3, 1, 1, 1, 4, 1, 1, 4, 1, 6, 1, 1, 2, 5, 31]
Generated answers: ```python
import math


def poly(xs: list, x: float):
    """
    Evaluates polynomial with coefficients xs at point x.
    return xs[0] + xs[1] * x + xs[1] * x^2 + .... xs[n] * x^n
    """
    return sum([coeff * math.pow(x, i) for i, coeff in enumerate(xs)])


def find_zero(xs: list):
    """ xs are coefficients of a polynomial.
    find_zero find x such that poly(x) = 0.
    find_zero returns only one zero point, even if there are many.
    Moreover, find_zero only takes list xs having even number of coefficients
    and largest non zero coefficient as it guarantees
    a solution.
    >>> round(find_zero([1, 2]), 2) # f(x) = 1 + 2x
    -0.5
    >>> round(find_zero([-6, 11, -6, 1]), 2) # (x - 1) * (x - 2) * (x - 3) = -6 + 11x - 6x^2 + x^3
    1.0
    """
    # Check if the number of coefficients is even
    if len(xs) % 2 != 0:
        raise ValueError("The number of coefficients must be even.")
    
    # Check if the largest non-zero coefficient is at the end
    if xs[-1] == 0:
        raise ValueError("The largest non-zero coefficient must be at the end.")
    
    # Use Newton's method to find a root
    x = 0.0
    while True:
        poly_val = poly(xs, x)
        poly_derivative_val = poly([i * coeff for i, coeff in enumerate(xs)], x)
        if abs(poly_val) < 1e-6:
            return round(x, 2)
        x -= poly_val / poly_derivative_val
```<|im_end|>
Iter 2: rand accepted per itr: [1, 1, 1, 2, 6, 1, 5, 2, 5, 2, 1, 3, 6, 1, 3, 3, 2, 1, 6, 3, 4], clean accepted per itr: [1, 1, 1, 2, 6, 1, 5, 2, 5, 2, 1, 3, 6, 1, 8, 3, 2, 1, 6, 3, 4]
Iter 3: rand accepted per itr: [1, 2, 4, 5, 1, 9, 3, 9, 8, 10], clean accepted per itr: [1, 2, 4, 5, 1, 20, 3, 10, 8, 10]
Iter 4: rand accepted per itr: [1, 12, 4, 1, 2, 1, 1, 1, 2, 2, 3, 1, 1, 1, 1, 3, 4, 1, 3, 4, 5, 2, 2, 1, 3, 2], clean accepted per itr: [1, 12, 4, 1, 2, 1, 1, 1, 2, 2, 3, 1, 1, 1, 1, 3, 4, 1, 3, 4, 5, 2, 2, 1, 3, 2]
Iter 5: rand accepted per itr: [1, 3, 1, 2, 1, 1, 1, 1, 3, 1, 4, 1, 1, 2, 2, 1, 2, 1, 6, 1, 2, 2, 3, 8], clean accepted per itr: [1, 3, 1, 5, 1, 1, 1, 1, 3, 1, 5, 1, 1, 4, 2, 1, 2, 1, 6, 1, 2, 2, 3, 8]
Generated answers: ```python
def sort_third(l: list):
    """This function takes a list l and returns a list l' such that
    l' is identical to l in the indicies that are not divisible by three, while its values at the indicies that are divisible by three are equal
    to the values of the corresponding indicies of l, but sorted.
    >>> sort_third([1, 2, 3])
    [1, 2, 3]
    >>> sort_third([5, 6, 3, 4, 8, 9, 2])
    [2, 6, 3, 4, 8, 9, 5]
    """
    # Extract elements at indices divisible by three
    third_elements = [l[i] for i in range(2, len(l), 3)]
    # Sort the extracted elements
    third_elements.sort()
    # Create a new list to store the result
    result = l[:]
    # Replace elements at indices divisible by three with sorted elements
    for i, value in enumerate(third_elements):
        result[2 + i * 3] = value
    return result
```<|im_end|>
Iter 2: rand accepted per itr: [1, 1, 1, 4, 5, 8, 6, 14, 10, 8, 6], clean accepted per itr: [1, 1, 1, 4, 5, 8, 6, 14, 10, 8, 6]
Iter 3: rand accepted per itr: [1, 7, 2, 1, 3, 3], clean accepted per itr: [1, 7, 2, 1, 4, 3]
Generated answers: ```python
def unique(l: list):
    """Return sorted unique elements in a list
    >>> unique([5, 3, 5, 2, 3, 3, 9, 0, 123])
    [0, 2, 3, 5, 9, 123]
    """
    return sorted(set(l))
```<|im_end|>
Iter 2: rand accepted per itr: [1, 1, 1, 4, 4, 1, 3, 5, 3, 3, 1, 1, 6, 4, 11, 10, 2], clean accepted per itr: [1, 1, 1, 4, 4, 1, 3, 5, 3, 3, 1, 1, 9, 4, 11, 10, 2]
Iter 3: rand accepted per itr: [1, 6, 6, 5, 1, 2, 6], clean accepted per itr: [1, 6, 6, 5, 1, 2, 6]
Generated answers: ```python
def max_element(l: list):
    """Return maximum element in the list.
    >>> max_element([1, 2, 3])
    3
    >>> max_element([5, 3, -5, 2, -3, 3, 9, 0, 123, 1, -10])
    123
    """
    return max(l)
```<|im_end|>
Iter 2: rand accepted per itr: [1, 1, 1, 1, 6, 1, 1, 1, 3, 4, 3, 6, 2, 8, 6, 7, 6, 1], clean accepted per itr: [1, 1, 1, 1, 6, 1, 1, 1, 3, 4, 3, 8, 2, 11, 6, 7, 6, 1]
Iter 3: rand accepted per itr: [1, 6, 1, 8, 1, 4, 2, 1, 6, 5, 4, 4, 2, 3, 1, 2, 3], clean accepted per itr: [1, 10, 1, 8, 1, 4, 2, 1, 6, 5, 4, 4, 7, 3, 1, 3, 3]
Iter 4: rand accepted per itr: [1, 7], clean accepted per itr: [1, 56]
Generated answers: ```python
def fizz_buzz(n: int) -> int:
    """Return the number of times the digit 7 appears in integers less than n which are divisible by 11 or 13.
    >>> fizz_buzz(50)
    0
    >>> fizz_buzz(78)
    2
    >>> fizz_buzz(79)
    3
    """
    count = 0
    for i in range(1, n):
        if i % 11 == 0 or i % 13 == 0:
            count += str(i).count('7')
    return count
```<|im_end|>
====[35/162] task_id=HumanEval/36 new_toks=135 calls=4 avg_iter/call=9.25 reason=eos====
Iter 2: rand accepted per itr: [2, 1, 1, 6, 2, 5, 2, 5, 1, 3, 5, 4, 1, 5, 2, 4, 1, 4, 3, 6], clean accepted per itr: [2, 1, 1, 6, 2, 5, 2, 5, 1, 3, 5, 4, 1, 6, 2, 4, 1, 4, 3, 6]
Iter 3: rand accepted per itr: [1, 2, 1, 7, 7, 7, 1, 10, 9, 4, 1, 1, 1, 2, 3], clean accepted per itr: [1, 2, 1, 7, 7, 7, 1, 14, 11, 4, 1, 1, 1, 2, 4]
Iter 4: rand accepted per itr: [2, 1, 2, 3, 4, 1, 4, 2, 6, 1, 3, 1, 3, 3, 4, 2, 1, 2, 1, 1, 1, 1, 3, 5], clean accepted per itr: [2, 1, 3, 3, 4, 1, 4, 2, 6, 1, 3, 1, 3, 3, 4, 2, 1, 2, 1, 1, 1, 1, 9, 5]
Iter 5: rand accepted per itr: [1, 2, 1, 5, 2, 1, 2, 9], clean accepted per itr: [1, 5, 1, 5, 2, 1, 2, 9]
Generated answers: ```python
def sort_even(l: list):
    """This function takes a list l and returns a list l' such that
    l' is identical to l in the odd indicies, while its values at the even indicies are equal
    to the values of the even indicies of l, but sorted.
    >>> sort_even([1, 2, 3])
    [1, 2, 3]
    >>> sort_even([5, 6, 3, 4])
    [3, 6, 5, 4]
    """
    # Extract the elements at even indices
    even_elements = [l[i] for i in range(0, len(l), 2)]
    # Sort the extracted elements
    even_elements.sort()
    # Create a new list to store the result
    result = l[:]
    # Replace the elements at even indices with the sorted elements
    for i, value in enumerate(even_elements):
        result[2 * i] = value
    return result
```<|im_end|>
Iter 2: rand accepted per itr: [1, 1, 1, 1, 4, 3, 4, 6, 5, 6, 6, 7, 3, 1], clean accepted per itr: [1, 1, 1, 1, 8, 3, 7, 11, 5, 6, 7, 9, 3, 1]
Iter 3: rand accepted per itr: [1, 4, 6, 5, 5, 7, 7, 6, 9, 6, 6, 1], clean accepted per itr: [1, 4, 6, 5, 5, 7, 7, 6, 9, 7, 6, 1]
Iter 4: rand accepted per itr: [1, 5, 2, 2, 5, 7, 1, 1, 1, 5, 5, 7, 6, 3], clean accepted per itr: [1, 7, 2, 2, 5, 11, 1, 1, 1, 5, 5, 7, 13, 3]
Iter 5: rand accepted per itr: [1, 6, 7, 3, 1, 1, 1, 2, 2, 8, 5, 3, 5, 8, 7], clean accepted per itr: [1, 6, 7, 3, 1, 1, 1, 2, 2, 9, 7, 3, 5, 9, 7]
Iter 6: rand accepted per itr: [1, 46], clean accepted per itr: [1, 63]
Generated answers: ```python
def encode_cyclic(s: str):
    """
    returns encoded string by cycling groups of three characters.
    """
    # split string to groups. Each of length 3.
    groups = [s[(3 * i):min((3 * i + 3), len(s))] for i in range((len(s) + 2) // 3)]
    # cycle elements in each group. Unless group has fewer elements than 3.
    groups = [(group[1:] + group[0]) if len(group) == 3 else group for group in groups]
    return "".join(groups)

def decode_cyclic(s: str):
    """
    takes as input string encoded with encode_cyclic function. Returns decoded string.
    """
    # split string to groups. Each of length 3.
    groups = [s[(3 * i):min((3 * i + 3), len(s))] for i in range((len(s) + 2) // 3)]
    # reverse the cycle elements in each group. Unless group has fewer elements than 3.
    groups = [(group[-1] + group[:-1]) if len(group) == 3 else group for group in groups]
    return "".join(groups)
```<|im_end|>
Iter 2: rand accepted per itr: [1, 1, 1, 1, 2, 1, 2, 1, 1, 2, 5, 6, 3, 3, 3, 4, 8, 2, 8, 3], clean accepted per itr: [1, 1, 1, 1, 2, 1, 2, 1, 1, 2, 5, 10, 3, 3, 5, 4, 8, 2, 8, 3]
Iter 3: rand accepted per itr: [1, 5, 3, 9, 4, 7, 6, 1, 1, 2, 5, 3, 4, 5], clean accepted per itr: [1, 5, 7, 9, 4, 7, 6, 1, 1, 2, 5, 7, 4, 5]
Iter 4: rand accepted per itr: [1, 5, 4, 5, 7, 7, 1, 1, 1, 3, 6, 5, 1, 6, 5, 3], clean accepted per itr: [1, 6, 4, 5, 7, 7, 1, 1, 1, 3, 6, 7, 1, 6, 5, 3]
Iter 5: rand accepted per itr: [1, 1, 1, 3, 1, 5, 1, 4, 2, 1, 2, 4, 1, 3, 6, 7, 1, 15], clean accepted per itr: [1, 1, 1, 3, 1, 5, 1, 4, 2, 1, 2, 4, 1, 7, 6, 8, 1, 15]
Generated answers: ```python
from typing import *
from collections import *

def prime_fib(n: int):
    """
    prime_fib returns n-th number that is a Fibonacci number and it's also prime.
    >>> prime_fib(1)
    2
    >>> prime_fib(2)
    3
    >>> prime_fib(3)
    5
    >>> prime_fib(4)
    13
    >>> prime_fib(5)
    89
    """
    def is_prime(num):
        if num <= 1:
            return False
        for i in range(2, int(num**0.5) + 1):
            if num % i == 0:
                return False
        return True

    def fibonacci():
        a, b = 0, 1
        while True:
            yield a
            a, b = b, a + b

    fib_gen = fibonacci()
    count = 0
    while True:
        fib_num = next(fib_gen)
        if is_prime(fib_num):
            count += 1
            if count == n:
                return fib_num
```<|im_end|>
Iter 2: rand accepted per itr: [1, 1, 1, 2, 5, 4, 6, 1, 6, 4, 5, 1, 3, 5, 5], clean accepted per itr: [1, 1, 1, 2, 5, 9, 6, 1, 6, 4, 5, 1, 3, 14, 5]
Iter 3: rand accepted per itr: [1, 4, 1, 5, 2, 11, 7, 6], clean accepted per itr: [1, 8, 1, 19, 2, 20, 7, 6]
Iter 4: rand accepted per itr: [1, 4, 6, 5, 6, 5, 2, 1, 1, 3, 6, 4, 4, 1, 2, 3, 6, 3], clean accepted per itr: [1, 4, 6, 5, 6, 5, 2, 1, 1, 3, 6, 5, 4, 1, 2, 3, 6, 3]
Iter 5: rand accepted per itr: [1, 5, 1, 3, 4, 2, 8, 2, 3, 2, 10, 8, 7], clean accepted per itr: [1, 5, 1, 3, 4, 2, 9, 5, 3, 2, 10, 9, 7]
Generated answers: ```python
def triples_sum_to_zero(l: list):
    """
    triples_sum_to_zero takes a list of integers as an input.
    it returns True if there are three distinct elements in the list that
    sum to zero, and False otherwise.

    >>> triples_sum_to_zero([1, 3, 5, 0])
    False
    >>> triples_sum_to_zero([1, 3, -2, 1])
    True
    >>> triples_sum_to_zero([1, 2, 3, 7])
    False
    >>> triples_sum_to_zero([2, 4, -5, 3, 9, 7])
    True
    >>> triples_sum_to_zero([1])
    False
    """
    l.sort()
    n = len(l)
    for i in range(n - 2):
        left, right = i + 1, n - 1
        while left < right:
            current_sum = l[i] + l[left] + l[right]
            if current_sum == 0:
                return True
            elif current_sum < 0:
                left += 1
            else:
                right -= 1
    return False
```<|im_end|>
Iter 2: rand accepted per itr: [3, 5, 4, 2, 4, 5, 7, 5, 1, 4, 2, 3, 4, 2], clean accepted per itr: [3, 5, 4, 2, 4, 8, 13, 5, 1, 5, 2, 3, 4, 5]
Iter 3: rand accepted per itr: [1, 3, 8, 3, 5, 3, 4, 3, 6, 5, 3, 5, 1, 4], clean accepted per itr: [1, 3, 8, 3, 5, 3, 4, 3, 13, 5, 3, 8, 1, 4]
Iter 4: rand accepted per itr: [1, 2, 5, 2, 1, 1, 2, 1, 3, 1, 1, 1, 1, 1, 1, 4, 1, 2, 1, 1, 2, 1, 1, 1, 1, 1, 2, 1, 2, 4, 1, 2], clean accepted per itr: [1, 3, 10, 7, 1, 1, 2, 1, 3, 1, 1, 1, 1, 1, 1, 5, 1, 2, 1, 1, 2, 1, 1, 1, 1, 1, 2, 1, 2, 4, 1, 2]
Iter 5: rand accepted per itr: [1, 32], clean accepted per itr: [1, 46]
Generated answers: ```python
def car_race_collision(n: int):
    """
    Imagine a road that's a perfectly straight infinitely long line.
    n cars are driving left to right;  simultaneously, a different set of n cars
    are driving right to left.   The two sets of cars start out being very far from
    each other.  All cars move in the same speed.  Two cars are said to collide
    when a car that's moving left to right hits a car that's moving right to left.
    However, the cars are infinitely sturdy and strong; as a result, they continue moving
    in their trajectory as if they did not collide.

    This function outputs the number of such collisions.
    """
    # Each car moving left to right will collide with each car moving right to left
    # Since there are n cars in each direction, the total number of collisions will be n * n
    return n * n
```<|im_end|>
====[40/162] task_id=HumanEval/41 new_toks=195 calls=5 avg_iter/call=12.40 reason=eos====
Iter 2: rand accepted per itr: [3, 4, 2, 3, 4, 6, 7, 13, 4, 5], clean accepted per itr: [3, 4, 2, 3, 4, 6, 7, 13, 4, 18]
Iter 3: rand accepted per itr: [1, 9, 3, 11, 4, 7, 1, 3, 2, 4, 6], clean accepted per itr: [1, 9, 3, 20, 4, 7, 1, 3, 2, 4, 6]
Generated answers: ```python
def incr_list(l: list):
    """Return list with elements incremented by 1.
    >>> incr_list([1, 2, 3])
    [2, 3, 4]
    >>> incr_list([5, 3, 5, 2, 3, 3, 9, 0, 123])
    [6, 4, 6, 3, 4, 4, 10, 1, 124]
    """
    return [x + 1 for x in l]
```<|im_end|>
Iter 2: rand accepted per itr: [1, 1, 1, 3, 5, 2, 2, 3, 5, 3, 6, 2, 5, 9, 2], clean accepted per itr: [1, 1, 1, 3, 5, 2, 2, 3, 13, 3, 6, 2, 11, 9, 2]
Iter 3: rand accepted per itr: [1, 5, 2, 1, 10, 10, 9, 9, 6], clean accepted per itr: [1, 5, 2, 1, 21, 10, 9, 9, 6]
Iter 4: rand accepted per itr: [1, 6, 6, 5, 2, 1, 1, 1, 2, 1, 1, 1, 1, 2, 1, 2, 4, 2, 7, 3, 1], clean accepted per itr: [1, 6, 6, 10, 2, 1, 1, 1, 4, 1, 1, 1, 1, 2, 1, 5, 4, 3, 7, 5, 1]
Iter 5: rand accepted per itr: [1, 3, 3, 1, 3, 6, 1, 2, 1, 1, 1, 1, 3, 3, 8, 5, 3, 2], clean accepted per itr: [1, 3, 3, 1, 9, 7, 1, 2, 1, 1, 1, 1, 3, 3, 10, 5, 10, 2]
Iter 6: rand accepted per itr: [1, 4, 3], clean accepted per itr: [1, 4, 7]
Generated answers: ```python
def pairs_sum_to_zero(l):
    """
    pairs_sum_to_zero takes a list of integers as an input.
    it returns True if there are two distinct elements in the list that
    sum to zero, and False otherwise.
    >>> pairs_sum_to_zero([1, 3, 5, 0])
    False
    >>> pairs_sum_to_zero([1, 3, -2, 1])
    False
    >>> pairs_sum_to_zero([1, 2, 3, 7])
    False
    >>> pairs_sum_to_zero([2, 4, -5, 3, 5, 7])
    True
    >>> pairs_sum_to_zero([1])
    False
    """
    # Create a set to store the elements we have seen so far
    seen = set()
    # Iterate through each element in the list
    for num in l:
        # Check if the negation of the current number is in the set
        if -num in seen:
            # If it is, we have found a pair that sums to zero
            return True
        # Add the current number to the set
        seen.add(num)
    # If we finish the loop without finding a pair, return False
    return False
```<|im_end|>
Iter 2: rand accepted per itr: [1, 1, 1, 4, 4, 2, 3, 2, 3, 5, 5, 5, 4, 7, 6, 4], clean accepted per itr: [1, 1, 1, 4, 4, 2, 3, 2, 3, 5, 7, 8, 4, 7, 8, 4]
Iter 3: rand accepted per itr: [1, 5, 6, 7, 8, 3, 7, 2, 2, 2, 3, 1, 1, 3, 1, 6, 4], clean accepted per itr: [1, 6, 6, 7, 9, 3, 7, 2, 2, 2, 3, 1, 1, 3, 1, 6, 4]
Iter 4: rand accepted per itr: [1, 2, 1, 3, 4, 1, 51], clean accepted per itr: [1, 2, 1, 3, 5, 1, 51]
Generated answers: ```python
def change_base(x: int, base: int):
    """Change numerical base of input number x to base.
    return string representation after the conversion.
    base numbers are less than 10.
    >>> change_base(8, 3)
    '22'
    >>> change_base(8, 2)
    '1000'
    >>> change_base(7, 2)
    '111'
    """
    if x == 0:
        return "0"
    digits = []
    while x:
        digits.append(int(x % base))
        x //= base
    return ''.join(str(x) for x in digits[::-1])
```<|im_end|>
Iter 2: rand accepted per itr: [1, 2, 3, 5, 1, 8, 6, 1, 9, 6, 3, 1, 3, 6], clean accepted per itr: [1, 2, 3, 5, 1, 8, 6, 1, 9, 6, 4, 1, 3, 6]
Generated answers: ```python
def triangle_area(a, h):
    """Given length of a side and high return area for a triangle.
    >>> triangle_area(5, 3)
    7.5
    """
    return 0.5 * a * h
```<|im_end|>
Iter 2: rand accepted per itr: [3, 2, 5, 2, 3, 4, 1, 2, 1, 3, 2, 4, 6, 6, 8, 6, 1], clean accepted per itr: [3, 2, 5, 3, 3, 8, 1, 2, 1, 3, 2, 4, 6, 6, 8, 6, 1]
Iter 3: rand accepted per itr: [1, 11, 5, 9, 9, 7, 4, 6, 4, 1], clean accepted per itr: [1, 11, 7, 11, 10, 7, 4, 6, 6, 1]
Iter 4: rand accepted per itr: [1, 5, 1, 6, 4, 4, 7, 7, 5, 2, 2, 2, 2, 4, 1, 7, 4], clean accepted per itr: [1, 5, 1, 6, 4, 4, 7, 7, 5, 2, 2, 2, 2, 4, 1, 7, 4]
Iter 5: rand accepted per itr: [1, 7, 4, 1, 3, 1, 4, 6, 3, 3, 4, 6, 2, 2, 6], clean accepted per itr: [1, 7, 4, 1, 3, 1, 4, 6, 3, 3, 12, 6, 2, 2, 9]
Iter 6: rand accepted per itr: [1, 3, 59], clean accepted per itr: [1, 4, 59]
Generated answers: ```python
def fib4(n: int):
    """The Fib4 number sequence is a sequence similar to the Fibbonacci sequnece that's defined as follows:
    fib4(0) -> 0
    fib4(1) -> 0
    fib4(2) -> 2
    fib4(3) -> 0
    fib4(n) -> fib4(n-1) + fib4(n-2) + fib4(n-3) + fib4(n-4).
    Please write a function to efficiently compute the n-th element of the fib4 number sequence.  Do not use recursion.
    >>> fib4(5)
    4
    >>> fib4(6)
    8
    >>> fib4(7)
    14
    """
    if n == 0 or n == 1 or n == 3:
        return 0
    elif n == 2:
        return 2
    else:
        a, b, c, d = 0, 0, 2, 0
        for _ in range(4, n + 1):
            a, b, c, d = b, c, d, a + b + c + d
        return d
```<|im_end|>
====[45/162] task_id=HumanEval/46 new_toks=268 calls=6 avg_iter/call=10.33 reason=eos====
Iter 2: rand accepted per itr: [3, 3, 5, 5, 4, 10, 10, 10, 7, 4], clean accepted per itr: [3, 3, 5, 5, 4, 13, 10, 10, 7, 4]
Iter 3: rand accepted per itr: [1, 2, 8, 1, 2, 3, 4, 3, 1, 4, 4, 6, 1, 3, 4, 8, 3], clean accepted per itr: [1, 2, 9, 1, 2, 3, 4, 3, 1, 8, 4, 6, 1, 3, 4, 9, 3]
Iter 4: rand accepted per itr: [1, 54], clean accepted per itr: [1, 63]
Generated answers: ```python
def median(l: list):
    """Return median of elements in the list l.
    >>> median([3, 1, 2, 4, 5])
    3
    >>> median([-10, 4, 6, 1000, 10, 20])
    15.0
    """
    l.sort()
    n = len(l)
    mid = n // 2
    if n % 2 == 0:
        return (l[mid - 1] + l[mid]) / 2
    else:
        return l[mid]
```<|im_end|>
Iter 2: rand accepted per itr: [1, 2, 6, 7, 3, 4, 3, 2, 7, 4, 3, 2, 4, 4, 1], clean accepted per itr: [1, 2, 6, 7, 3, 8, 3, 2, 7, 7, 3, 2, 8, 4, 1]
Iter 3: rand accepted per itr: [1, 1, 2, 1, 3, 3, 1, 2], clean accepted per itr: [1, 1, 2, 1, 3, 3, 1, 2]
Generated answers: ```python
def is_palindrome(text: str):
    """
    Checks if given string is a palindrome
    >>> is_palindrome('')
    True
    >>> is_palindrome('aba')
    True
    >>> is_palindrome('aaaaa')
    True
    >>> is_palindrome('zbcd')
    False
    """
    return text == text[::-1]
```<|im_end|>
Iter 2: rand accepted per itr: [1, 2, 5, 7, 6, 5, 4, 3, 6, 4, 1, 12, 1], clean accepted per itr: [1, 2, 5, 7, 6, 5, 4, 3, 6, 4, 1, 19, 1]
Iter 3: rand accepted per itr: [1, 7, 6, 1, 10, 12, 7, 3, 1, 3, 2, 1, 6], clean accepted per itr: [1, 7, 6, 1, 14, 12, 7, 3, 1, 3, 2, 1, 6]
Generated answers: ```python
def modp(n: int, p: int):
    """Return 2^n modulo p (be aware of numerics).
    >>> modp(3, 5)
    3
    >>> modp(1101, 101)
    2
    >>> modp(0, 101)
    1
    >>> modp(3, 11)
    8
    >>> modp(100, 101)
    1
    """
    return pow(2, n, p)
```<|im_end|>
Iter 2: rand accepted per itr: [1, 2, 1, 4, 3, 6, 5, 5, 2, 7, 8, 6, 3], clean accepted per itr: [1, 2, 1, 4, 6, 6, 5, 10, 2, 10, 8, 6, 3]
Iter 3: rand accepted per itr: [1, 3, 2, 2, 4, 7, 6, 8, 2, 7], clean accepted per itr: [1, 5, 2, 2, 4, 10, 13, 9, 2, 11]
Generated answers: ```python
def encode_shift(s: str):
    """
    returns encoded string by shifting every character by 5 in the alphabet.
    """
    return "".join([chr(((ord(ch) + 5 - ord("a")) % 26) + ord("a")) for ch in s])

def decode_shift(s: str):
    """
    takes as input string encoded with encode_shift function. Returns decoded string.
    """
    return "".join([chr(((ord(ch) - 5 - ord("a")) % 26) + ord("a")) for ch in s])
```<|im_end|>
Iter 2: rand accepted per itr: [1, 1, 1, 3, 1, 5, 2, 3, 6, 7, 2, 5, 5, 4, 2], clean accepted per itr: [1, 1, 1, 8, 1, 5, 2, 3, 8, 7, 2, 10, 5, 8, 2]
Iter 3: rand accepted per itr: [1, 7, 4, 5, 4, 8, 3, 1, 1, 1, 3, 1, 1, 1, 1, 1], clean accepted per itr: [1, 7, 4, 12, 7, 19, 3, 1, 1, 1, 3, 1, 1, 1, 1, 1]
Iter 4: rand accepted per itr: [1, 3, 2, 4, 4], clean accepted per itr: [1, 3, 2, 6, 6]
Generated answers: ```python
def remove_vowels(text):
    """
    remove_vowels is a function that takes string and returns string without vowels.
    >>> remove_vowels('')
    ''
    >>> remove_vowels("abcdef\nghijklm")
    'bcdf\nghjklm'
    >>> remove_vowels('abcdef')
    'bcdf'
    >>> remove_vowels('aaaaa')
    ''
    >>> remove_vowels('aaBAA')
    'B'
    >>> remove_vowels('zbcd')
    'zbcd'
    """
    vowels = 'aeiouAEIOU'
    return ''.join([char for char in text if char not in vowels])
```<|im_end|>
====[50/162] task_id=HumanEval/51 new_toks=146 calls=4 avg_iter/call=9.00 reason=eos====
Iter 2: rand accepted per itr: [1, 1, 1, 3, 5, 4, 2, 6, 4, 8, 9, 5, 1, 8], clean accepted per itr: [1, 1, 1, 3, 6, 4, 2, 10, 4, 9, 9, 5, 1, 8]
Iter 3: rand accepted per itr: [1, 7, 8, 4, 4, 6], clean accepted per itr: [1, 7, 8, 4, 4, 6]
Generated answers: ```python
def below_threshold(l: list, t: int):
    """Return True if all numbers in the list l are below threshold t.
    >>> below_threshold([1, 2, 4, 10], 100)
    True
    >>> below_threshold([1, 20, 4, 10], 5)
    False
    """
    return all(x < t for x in l)
```<|im_end|>
Iter 2: rand accepted per itr: [1, 1, 1, 5, 4, 1, 1, 4, 3, 5, 6, 7, 7, 6, 1, 1, 4, 2], clean accepted per itr: [1, 1, 1, 5, 4, 1, 1, 4, 3, 5, 6, 7, 7, 6, 1, 1, 4, 4]
Generated answers: ```python
def add(x: int, y: int) -> int:
    """Add two numbers x and y
    >>> add(2, 3)
    5
    >>> add(5, 7)
    12
    """
    return x + y
```<|im_end|>
Iter 2: rand accepted per itr: [1, 1, 1, 2, 4, 7, 2, 8, 5, 5, 4, 8, 6, 2], clean accepted per itr: [1, 1, 1, 2, 4, 7, 2, 8, 5, 5, 8, 8, 6, 6]
Iter 3: rand accepted per itr: [1, 2, 5, 2, 2, 5, 1, 3, 3, 5, 8, 2, 2, 4, 4, 1, 4, 5], clean accepted per itr: [1, 2, 5, 2, 7, 5, 1, 3, 3, 5, 8, 2, 2, 4, 4, 1, 4, 5]
Iter 4: rand accepted per itr: [1, 3, 4, 2, 1, 1, 1, 1, 1, 1, 1, 2, 2, 1, 1, 5, 1, 2, 7, 8, 7, 9], clean accepted per itr: [1, 3, 4, 2, 1, 1, 1, 1, 1, 1, 1, 2, 2, 1, 1, 5, 1, 2, 8, 8, 8, 9]
Iter 5: rand accepted per itr: [1, 2, 3, 1, 3, 2, 8, 6, 6, 5, 1, 1, 2, 1, 2, 3, 3, 6, 1, 1], clean accepted per itr: [1, 3, 6, 1, 3, 2, 9, 6, 6, 6, 1, 1, 2, 1, 2, 3, 3, 6, 1, 1]
Iter 6: rand accepted per itr: [1, 2, 1, 1, 2, 5, 9], clean accepted per itr: [1, 2, 1, 1, 2, 5, 52]
Generated answers: ```python
def same_chars(s0: str, s1: str):
    """
    Check if two words have the same characters.
    >>> same_chars('eabcdzzzz', 'dddzzzzzzzddeddabc')
    True
    >>> same_chars('abcd', 'dddddddabc')
    True
    >>> same_chars('dddddddabc', 'abcd')
    True
    >>> same_chars('eabcd', 'dddddddabc')
    False
    >>> same_chars('abcd', 'dddddddabce')
    False
    >>> same_chars('eabcdzzzz', 'dddzzzzzzzddddabc')
    False
    """
    # Create a dictionary to count occurrences of each character in the first string
    char_count = {}
    for char in s0:
        if char in char_count:
            char_count[char] += 1
        else:
            char_count[char] = 1
    
    # Decrease the count for each character found in the second string
    for char in s1:
        if char in char_count:
            char_count[char] -= 1
        else:
            # If a character in s1 is not in s0, return False
            return False
    
    # Check if all counts are zero
    for count in char_count.values():
        if count != 0:
            return False
    
    return True
```<|im_end|>
Iter 2: rand accepted per itr: [1, 2, 4, 5, 5, 9, 7, 3, 7, 2, 2, 6], clean accepted per itr: [1, 2, 4, 6, 5, 12, 7, 7, 7, 2, 2, 9]
Iter 3: rand accepted per itr: [1, 8, 4, 3, 6, 5, 1, 3, 1, 6, 5, 8], clean accepted per itr: [1, 8, 5, 3, 6, 8, 1, 3, 1, 6, 6, 8]
Generated answers: ```python
def fib(n: int):
    """Return n-th Fibonacci number.
    >>> fib(10)
    55
    >>> fib(1)
    1
    >>> fib(8)
    21
    """
    if n <= 0:
        return 0
    elif n == 1:
        return 1
    else:
        a, b = 0, 1
        for _ in range(2, n + 1):
            a, b = b, a + b
        return b
```<|im_end|>
Iter 2: rand accepted per itr: [1, 1, 1, 2, 5, 2, 1, 1, 5, 2, 7, 5, 4, 5, 5, 5, 6, 1, 1, 4], clean accepted per itr: [1, 1, 1, 2, 5, 2, 1, 1, 5, 2, 7, 5, 4, 5, 5, 5, 6, 1, 1, 4]
Generated answers: ```python
def correct_bracketing(brackets: str) -> bool:
    stack = []
    for bracket in brackets:
        if bracket == '<':
            stack.append(bracket)
        elif bracket == '>':
            if not stack:
                return False
            stack.pop()
    return not stack
```<|im_end|>
====[55/162] task_id=HumanEval/56 new_toks=63 calls=2 avg_iter/call=10.00 reason=eos====
Iter 2: rand accepted per itr: [3, 3, 5, 1, 2, 2, 7, 7, 2, 8, 2, 8], clean accepted per itr: [3, 3, 5, 1, 5, 2, 7, 18, 2, 8, 2, 8]
Iter 3: rand accepted per itr: [1, 2, 3, 7, 2, 2, 3, 1, 4, 1, 1, 1, 4, 2, 2, 1, 2, 3, 1, 1, 5, 3, 4], clean accepted per itr: [1, 2, 3, 7, 8, 2, 3, 1, 5, 1, 1, 1, 4, 2, 2, 1, 2, 3, 1, 1, 5, 4, 4]
Iter 4: rand accepted per itr: [1, 4, 4, 2, 2, 5, 5, 2, 4, 8, 5, 1, 5], clean accepted per itr: [1, 4, 5, 2, 2, 9, 5, 2, 10, 8, 5, 1, 5]
Generated answers: ```python
def monotonic(l: list):
    """Return True is list elements are monotonically increasing or decreasing.
    >>> monotonic([1, 2, 4, 20])
    True
    >>> monotonic([1, 20, 4, 10])
    False
    >>> monotonic([4, 1, 0, -10])
    True
    """
    if not l:
        return True  # An empty list is considered monotonic

    # Check if the list is monotonically increasing
    increasing = all(l[i] <= l[i + 1] for i in range(len(l) - 1))

    # Check if the list is monotonically decreasing
    decreasing = all(l[i] >= l[i + 1] for i in range(len(l) - 1))

    return increasing or decreasing
```<|im_end|>
Iter 2: rand accepted per itr: [1, 1, 1, 3, 6, 5, 4, 5, 6, 8, 7, 10, 6], clean accepted per itr: [1, 1, 1, 3, 7, 5, 4, 5, 6, 8, 7, 10, 6]
Iter 3: rand accepted per itr: [1, 9, 9, 2, 9, 7, 2, 5, 3, 1, 1, 1, 3, 1], clean accepted per itr: [1, 11, 13, 5, 9, 7, 2, 5, 3, 1, 1, 1, 4, 1]
Iter 4: rand accepted per itr: [1, 2, 1, 1, 1, 3, 3, 9, 3, 5, 2, 1, 2, 3, 6, 1, 1, 3, 2, 1, 1, 2], clean accepted per itr: [1, 2, 1, 1, 1, 5, 3, 9, 3, 5, 2, 1, 6, 7, 6, 1, 1, 3, 2, 1, 1, 2]
Iter 5: rand accepted per itr: [1, 5, 12], clean accepted per itr: [1, 5, 12]
Generated answers: ```python
def common(l1: list, l2: list):
    """Return sorted unique common elements for two lists.
    >>> common([1, 4, 3, 34, 653, 2, 5], [5, 7, 1, 5, 9, 653, 121])
    [1, 5, 653]
    >>> common([5, 3, 2, 8], [3, 2])
    [2, 3]

    """
    # Convert both lists to sets to remove duplicates and allow for efficient intersection
    set1 = set(l1)
    set2 = set(l2)
    
    # Find the intersection of both sets to get common elements
    common_elements = set1.intersection(set2)
    
    # Convert the set of common elements back to a sorted list
    sorted_common_elements = sorted(list(common_elements))
    
    return sorted_common_elements
```<|im_end|>
Iter 2: rand accepted per itr: [3, 2, 5, 3, 6, 6, 7, 6, 6, 4, 5], clean accepted per itr: [3, 2, 5, 4, 6, 6, 7, 7, 6, 9, 9]
Iter 3: rand accepted per itr: [1, 2, 1, 2, 2, 10, 3, 1, 5, 8, 6, 6, 4, 3, 3, 1], clean accepted per itr: [1, 2, 1, 2, 4, 10, 7, 1, 5, 8, 6, 6, 4, 3, 3, 1]
Iter 4: rand accepted per itr: [1, 3, 1, 6, 5, 2, 6, 4], clean accepted per itr: [1, 5, 1, 6, 6, 4, 10, 4]
Generated answers: ```python
def largest_prime_factor(n: int):
    """Return the largest prime factor of n. Assume n > 1 and is not a prime.
    >>> largest_prime_factor(13195)
    29
    >>> largest_prime_factor(2048)
    2
    """
    def is_prime(num):
        if num <= 1:
            return False
        for i in range(2, int(num**0.5) + 1):
            if num % i == 0:
                return False
        return True

    largest_factor = 1
    for i in range(2, n + 1):
        if n % i == 0 and is_prime(i):
            largest_factor = i
    return largest_factor
```<|im_end|>
Iter 2: rand accepted per itr: [1, 1, 1, 4, 4, 4, 4, 5, 3, 7, 7, 1, 8, 3], clean accepted per itr: [1, 1, 1, 6, 4, 4, 4, 5, 3, 7, 7, 1, 17, 3]
Iter 3: rand accepted per itr: [1, 6, 3, 4, 7, 5, 7, 3, 1, 1, 1, 5, 2, 2], clean accepted per itr: [1, 9, 3, 4, 7, 5, 7, 3, 1, 1, 1, 5, 2, 15]
Generated answers: ```python
def sum_to_n(n: int):
    """sum_to_n is a function that sums numbers from 1 to n.
    >>> sum_to_n(30)
    465
    >>> sum_to_n(100)
    5050
    >>> sum_to_n(5)
    15
    >>> sum_to_n(10)
    55
    >>> sum_to_n(1)
    1
    """
    return n * (n + 1) // 2
```<|im_end|>
Iter 2: rand accepted per itr: [2, 1, 3, 5, 1, 1, 5, 2, 7, 5, 4, 5, 3, 1, 5, 7, 1, 4], clean accepted per itr: [2, 1, 4, 5, 1, 1, 5, 2, 7, 5, 5, 5, 3, 1, 5, 7, 1, 4]
Generated answers: ```python
def correct_bracketing(brackets: str) -> bool:
    stack = []
    for bracket in brackets:
        if bracket == '(':
            stack.append(bracket)
        elif bracket == ')':
            if not stack:
                return False
            stack.pop()
    return not stack
```<|im_end|>
====[60/162] task_id=HumanEval/61 new_toks=63 calls=2 avg_iter/call=9.00 reason=eos====
Iter 2: rand accepted per itr: [1, 2, 1, 4, 3, 1, 7, 7, 10, 3, 1, 4, 5, 5], clean accepted per itr: [1, 2, 1, 4, 3, 1, 9, 7, 10, 3, 1, 12, 5, 5]
Iter 3: rand accepted per itr: [1, 10, 10, 4, 6, 8, 3, 1, 3, 1, 2, 4, 4], clean accepted per itr: [1, 11, 10, 5, 6, 8, 3, 1, 3, 1, 2, 5, 7]
Generated answers: ```python
def derivative(xs: list):
    """ xs represent coefficients of a polynomial.
    xs[0] + xs[1] * x + xs[2] * x^2 + ....
     Return derivative of this polynomial in the same form.
    >>> derivative([3, 1, 2, 4, 5])
    [1, 4, 12, 20]
    >>> derivative([1, 2, 3])
    [2, 6]
    """
    return [i * xs[i] for i in range(1, len(xs))]
```<|im_end|>
Iter 2: rand accepted per itr: [1, 1, 1, 2, 4, 3, 7, 1, 3, 3, 3, 3, 8, 10, 6], clean accepted per itr: [1, 1, 1, 2, 7, 3, 10, 1, 3, 3, 3, 5, 8, 10, 6]
Iter 3: rand accepted per itr: [1, 7, 7, 8, 3, 2, 5, 5, 4, 9, 5], clean accepted per itr: [1, 7, 7, 8, 10, 3, 5, 5, 4, 9, 5]
Iter 4: rand accepted per itr: [1, 12, 5, 1, 3, 3, 1, 7, 1, 8, 9, 1, 3, 6, 2], clean accepted per itr: [1, 12, 5, 1, 3, 3, 1, 7, 1, 8, 10, 1, 3, 6, 2]
Iter 5: rand accepted per itr: [2, 4, 1, 2, 2, 7, 4, 2, 2, 2, 8], clean accepted per itr: [3, 5, 1, 2, 2, 8, 4, 2, 2, 2, 33]
Generated answers: ```python
def fibfib(n: int):
    """The FibFib number sequence is a sequence similar to the Fibbonacci sequnece that's defined as follows:
    fibfib(0) == 0
    fibfib(1) == 0
    fibfib(2) == 1
    fibfib(n) == fibfib(n-1) + fibfib(n-2) + fibfib(n-3).
    Please write a function to efficiently compute the n-th element of the fibfib number sequence.
    >>> fibfib(1)
    0
    >>> fibfib(5)
    4
    >>> fibfib(8)
    24
    """
    if n == 0 or n == 1:
        return 0
    elif n == 2:
        return 1
    else:
        a, b, c = 0, 0, 1
        for _ in range(3, n + 1):
            a, b, c = b, c, a + b + c
        return c
```<|im_end|>
Iter 2: rand accepted per itr: [3, 1, 4, 2, 3, 5, 2, 2, 3, 8, 5, 6, 8, 7, 5], clean accepted per itr: [3, 1, 4, 2, 3, 5, 2, 2, 3, 8, 5, 6, 8, 7, 5]
Iter 3: rand accepted per itr: [1, 3, 2, 6, 6, 3, 3, 8, 8, 7, 1, 2, 1, 1, 1, 1, 1, 1, 2], clean accepted per itr: [1, 4, 4, 6, 6, 3, 3, 8, 8, 7, 1, 2, 1, 1, 1, 1, 1, 1, 5]
Iter 4: rand accepted per itr: [1, 5, 9, 6, 2, 1, 2, 1, 4, 10, 1, 2], clean accepted per itr: [1, 5, 9, 6, 2, 1, 2, 1, 4, 11, 1, 2]
Generated answers: ```python
def vowels_count(s):
    """Write a function vowels_count which takes a string representing
    a word as input and returns the number of vowels in the string.
    Vowels in this case are 'a', 'e', 'i', 'o', 'u'. Here, 'y' is also a
    vowel, but only when it is at the end of the given word.

    Example:
    >>> vowels_count("abcde")
    2
    >>> vowels_count("ACEDY")
    3
    """
    vowels = "aeiouAEIOU"
    count = 0
    for char in s:
        if char in vowels:
            count += 1
    if s.endswith('y') or s.endswith('Y'):
        count += 1
    return count
```<|im_end|>
Iter 2: rand accepted per itr: [1, 2, 6, 3, 5, 6, 4, 3, 3, 7, 5, 2, 11], clean accepted per itr: [1, 2, 6, 3, 5, 8, 4, 3, 3, 9, 6, 2, 12]
Iter 3: rand accepted per itr: [1, 1, 8, 5, 1, 6, 4, 7, 4, 4, 1, 1, 2, 2, 1, 2, 1, 2, 4, 1], clean accepted per itr: [1, 1, 11, 6, 1, 6, 4, 7, 5, 5, 1, 1, 2, 2, 1, 2, 1, 2, 4, 1]
Iter 4: rand accepted per itr: [1, 3, 4], clean accepted per itr: [1, 3, 4]
Generated answers: ```python
def circular_shift(x, shift):
    """Circular shift the digits of the integer x, shift the digits right by shift
    and return the result as a string.
    If shift > number of digits, return digits reversed.
    >>> circular_shift(12, 1)
    "21"
    >>> circular_shift(12, 2)
    "12"
    """
    digits = str(x)
    n = len(digits)
    if shift > n:
        return digits[::-1]
    else:
        shift = shift % n  # Handle shift > n
        return digits[-shift:] + digits[:-shift]
```<|im_end|>
Iter 2: rand accepted per itr: [3, 3, 3, 1, 3, 6, 5, 6, 4, 4, 4, 8, 6, 7], clean accepted per itr: [3, 3, 3, 1, 4, 6, 5, 6, 4, 4, 4, 8, 6, 7]
Iter 3: rand accepted per itr: [1, 9, 13, 6, 10, 2, 3, 7, 1, 1, 2, 2, 2], clean accepted per itr: [1, 9, 13, 6, 11, 2, 3, 7, 1, 1, 2, 2, 6]
Iter 4: rand accepted per itr: [1, 15], clean accepted per itr: [1, 19]
Generated answers: ```python
def digitSum(s):
    """Task
    Write a function that takes a string as input and returns the sum of the upper characters only'
    ASCII codes.

    Examples:
        digitSum("") => 0
        digitSum("abAB") => 131
        digitSum("abcCd") => 67
        digitSum("helloE") => 69
        digitSum("woArBld") => 131
        digitSum("aAaaaXa") => 153
    """
    return sum(ord(c) for c in s if c.isupper())
```<|im_end|>
====[65/162] task_id=HumanEval/66 new_toks=133 calls=4 avg_iter/call=7.25 reason=eos====
Iter 2: rand accepted per itr: [1, 1, 1, 4, 1, 3, 6, 1, 6, 4, 1, 2, 3, 4, 2, 4, 3, 3, 4, 3, 1], clean accepted per itr: [1, 1, 1, 4, 1, 5, 6, 1, 6, 4, 1, 3, 3, 7, 2, 4, 3, 3, 4, 3, 1]
Iter 3: rand accepted per itr: [1, 2, 5, 6, 3, 4, 1, 3, 8, 4, 5, 6, 6], clean accepted per itr: [1, 2, 5, 6, 3, 4, 1, 3, 10, 4, 5, 14, 6]
Iter 4: rand accepted per itr: [1, 5, 4, 2, 7, 2, 6, 6, 6, 3, 1], clean accepted per itr: [1, 5, 4, 3, 11, 12, 6, 6, 12, 3, 1]
Iter 5: rand accepted per itr: [1, 9, 7, 5, 3, 3, 1, 2, 1, 3, 2, 2, 4, 4, 4, 3], clean accepted per itr: [1, 9, 8, 9, 3, 3, 1, 2, 1, 3, 2, 2, 9, 4, 4, 3]
Iter 6: rand accepted per itr: [1, 1, 2, 6, 2, 5, 1, 22], clean accepted per itr: [1, 1, 3, 11, 2, 5, 1, 40]
Generated answers: ```python
def fruit_distribution(s, n):
    """
    In this task, you will be given a string that represents a number of apples and oranges 
    that are distributed in a basket of fruit this basket contains 
    apples, oranges, and mango fruits. Given the string that represents the total number of 
    the oranges and apples and an integer that represent the total number of the fruits 
    in the basket return the number of the mango fruits in the basket.
    for examble:
    fruit_distribution("5 apples and 6 oranges", 19) ->19 - 5 - 6 = 8
    fruit_distribution("0 apples and 1 oranges",3) -> 3 - 0 - 1 = 2
    fruit_distribution("2 apples and 3 oranges", 100) -> 100 - 2 - 3 = 95
    fruit_distribution("100 apples and 1 oranges",120) -> 120 - 100 - 1 = 19
    """
    # Split the string to get the number of apples and oranges
    parts = s.split()
    apples = int(parts[0])
    oranges = int(parts[3])
    
    # Calculate the number of mango fruits
    mangoes = n - apples - oranges
    
    return mangoes
```<|im_end|>
Iter 2: rand accepted per itr: [1, 1, 1, 2, 4, 1, 4, 4, 8, 4, 5, 2, 6, 5, 8, 4, 2], clean accepted per itr: [1, 1, 1, 2, 4, 1, 4, 5, 8, 4, 5, 2, 6, 5, 8, 5, 2]
Iter 3: rand accepted per itr: [1, 4, 3, 2, 3, 5, 1, 6, 2, 5, 2, 2, 5, 6, 3, 2, 2, 5], clean accepted per itr: [1, 6, 3, 2, 3, 5, 1, 6, 2, 5, 2, 2, 6, 6, 4, 2, 2, 6]
Iter 4: rand accepted per itr: [1, 7, 5, 6, 4, 2, 6, 8, 6, 2, 1], clean accepted per itr: [1, 7, 6, 6, 12, 7, 8, 8, 6, 2, 1]
Iter 5: rand accepted per itr: [1, 6, 2, 4, 6, 3, 7, 1, 7, 3, 1], clean accepted per itr: [1, 7, 3, 7, 10, 10, 7, 1, 14, 3, 1]
Iter 6: rand accepted per itr: [1, 3, 3, 6, 4, 6, 7, 5, 6, 1, 1, 1, 2, 1, 1], clean accepted per itr: [1, 3, 3, 12, 4, 9, 8, 11, 6, 1, 1, 1, 2, 1, 1]
Iter 7: rand accepted per itr: [1, 2, 5, 1, 3, 3, 1, 8, 6, 7, 4, 7, 6, 1], clean accepted per itr: [1, 4, 5, 1, 4, 4, 1, 13, 6, 7, 4, 7, 6, 1]
Iter 8: rand accepted per itr: [1, 4, 2, 1, 1, 1, 4, 5, 2, 1, 6, 4, 6, 5, 4, 10], clean accepted per itr: [1, 9, 2, 1, 1, 1, 6, 5, 2, 1, 6, 4, 6, 5, 4, 10]
Generated answers: ```python
def pluck(arr):
    """
    "Given an array representing a branch of a tree that has non-negative integer nodes
    your task is to pluck one of the nodes and return it.
    The plucked node should be the node with the smallest even value.
    If multiple nodes with the same smallest even value are found return the node that has smallest index.

    The plucked node should be returned in a list, [ smalest_value, its index ],
    If there are no even values or the given array is empty, return [].

    Example 1:
        Input: [4,2,3]
        Output: [2, 1]
        Explanation: 2 has the smallest even value, and 2 has the smallest index.

    Example 2:
        Input: [1,2,3]
        Output: [2, 1]
        Explanation: 2 has the smallest even value, and 2 has the smallest index. 

    Example 3:
        Input: []
        Output: []
    
    Example 4:
        Input: [5, 0, 3, 0, 4, 2]
        Output: [0, 1]
        Explanation: 0 is the smallest value, but  there are two zeros,
                     so we will choose the first zero, which has the smallest index.

    Constraints:
        * 1 <= nodes.length <= 10000
        * 0 <= node.value
    """
    # Initialize variables to store the smallest even value and its index
    smallest_even = float('inf')
    smallest_index = -1
    
    # Iterate through the array to find the smallest even value and its index
    for i, value in enumerate(arr):
        if value % 2 == 0 and value < smallest_even:
            smallest_even = value
            smallest_index = i
    
    # If no even value was found, return an empty list
    if smallest_index == -1:
        return []
    
    # Return the smallest even value and its index in a list
    return [smallest_even, smallest_index]
```<|im_end|>
Iter 2: rand accepted per itr: [1, 1, 1, 3, 3, 2, 2, 6, 5, 2, 1, 2, 2, 6, 7, 1, 1, 2, 3, 6, 2, 2], clean accepted per itr: [1, 1, 1, 3, 3, 2, 5, 6, 5, 2, 1, 2, 2, 6, 7, 1, 1, 2, 3, 6, 2, 2]
Iter 3: rand accepted per itr: [1, 3, 6, 3, 3, 5, 2, 5, 10, 7], clean accepted per itr: [1, 3, 6, 3, 3, 6, 20, 5, 10, 7]
Iter 4: rand accepted per itr: [1, 7, 4, 7, 4, 1, 1, 1, 3, 4, 1, 1, 6], clean accepted per itr: [1, 8, 13, 7, 6, 1, 1, 1, 3, 6, 1, 1, 15]
Iter 5: rand accepted per itr: [1, 1, 3, 6, 7, 4], clean accepted per itr: [1, 1, 3, 6, 7, 4]
Generated answers: ```python
def search(lst):
    '''
    You are given a non-empty list of positive integers. Return the greatest integer that is greater than 
    zero, and has a frequency greater than or equal to the value of the integer itself. 
    The frequency of an integer is the number of times it appears in the list.
    If no such a value exist, return -1.
    Examples:
        search([4, 1, 2, 2, 3, 1]) == 2
        search([1, 2, 2, 3, 3, 3, 4, 4, 4]) == 3
        search([5, 5, 4, 4, 4]) == -1
    '''
    from collections import Counter
    freq = Counter(lst)
    max_val = -1
    for num, count in freq.items():
        if num <= count and num > max_val:
            max_val = num
    return max_val
```<|im_end|>
Iter 2: rand accepted per itr: [1, 1, 1, 1, 6, 1, 1, 2, 6, 4, 4, 7, 4, 6, 3, 4, 4, 7], clean accepted per itr: [1, 1, 1, 1, 6, 1, 1, 2, 6, 4, 4, 8, 4, 6, 3, 4, 4, 7]
Iter 3: rand accepted per itr: [1, 3, 7, 12, 9, 4, 5, 2, 2, 1, 2, 1], clean accepted per itr: [1, 11, 7, 19, 9, 4, 5, 2, 2, 1, 2, 1]
Iter 4: rand accepted per itr: [1, 1, 1, 3, 4, 1, 2, 1, 1, 4, 5, 7, 1, 7], clean accepted per itr: [1, 1, 1, 3, 4, 1, 2, 1, 1, 4, 5, 7, 1, 7]
Generated answers: ```python
def strange_sort_list(lst):
    '''
    Given list of integers, return list in strange order.
    Strange sorting, is when you start with the minimum value,
    then maximum of the remaining integers, then minimum and so on.

    Examples:
    strange_sort_list([1, 2, 3, 4]) == [1, 4, 2, 3]
    strange_sort_list([5, 5, 5, 5]) == [5, 5, 5, 5]
    strange_sort_list([]) == []
    '''
    result = []
    while lst:
        if lst:
            result.append(min(lst))
            lst.remove(min(lst))
        if lst:
            result.append(max(lst))
            lst.remove(max(lst))
    return result
```<|im_end|>
Iter 2: rand accepted per itr: [3, 6, 4, 5, 8, 2, 1, 1, 3, 6, 5, 4, 1, 1, 7, 5], clean accepted per itr: [4, 7, 4, 5, 8, 2, 1, 1, 3, 6, 5, 4, 1, 1, 7, 5]
Iter 3: rand accepted per itr: [1, 7, 1, 5, 2, 1, 7, 7, 10, 7, 7, 2, 3, 3], clean accepted per itr: [1, 7, 1, 5, 2, 1, 7, 7, 10, 7, 7, 2, 3, 4]
Iter 4: rand accepted per itr: [1, 2, 4, 6, 2, 4, 8, 3, 3, 5, 6, 2, 6, 1, 4, 5], clean accepted per itr: [1, 2, 4, 6, 2, 4, 8, 3, 3, 5, 6, 2, 7, 1, 4, 6]
Iter 5: rand accepted per itr: [1, 8], clean accepted per itr: [1, 8]
Generated answers: ```python
def triangle_area(a, b, c):
    '''
    Given the lengths of the three sides of a triangle. Return the area of
    the triangle rounded to 2 decimal points if the three sides form a valid triangle. 
    Otherwise return -1
    Three sides make a valid triangle when the sum of any two sides is greater 
    than the third side.
    Example:
    triangle_area(3, 4, 5) == 6.00
    triangle_area(1, 2, 10) == -1
    '''
    if a + b > c and a + c > b and b + c > a:
        s = (a + b + c) / 2
        area = (s * (s - a) * (s - b) * (s - c)) ** 0.5
        return round(area, 2)
    else:
        return -1
```<|im_end|>
====[70/162] task_id=HumanEval/71 new_toks=200 calls=5 avg_iter/call=9.60 reason=eos====
Iter 2: rand accepted per itr: [2, 2, 5, 3, 1, 2, 4, 3, 3, 5, 5, 3, 3, 7, 6, 4], clean accepted per itr: [3, 2, 5, 3, 1, 2, 4, 3, 3, 9, 5, 3, 3, 8, 6, 4]
Iter 3: rand accepted per itr: [1, 3, 5, 5, 8, 1, 2, 4, 5, 7, 2, 4, 8, 4], clean accepted per itr: [1, 3, 5, 5, 8, 1, 2, 4, 6, 8, 2, 7, 8, 4]
Iter 4: rand accepted per itr: [1, 5, 4, 4, 3, 5, 6, 4, 5, 3, 4, 7], clean accepted per itr: [1, 5, 4, 4, 3, 11, 9, 4, 5, 6, 4, 8]
Iter 5: rand accepted per itr: [1, 3, 9, 4, 7, 6, 4, 2, 1, 2, 4, 1, 3, 5, 1, 4, 2, 3], clean accepted per itr: [1, 3, 9, 4, 8, 6, 4, 2, 1, 2, 4, 1, 3, 5, 1, 5, 2, 3]
Iter 6: rand accepted per itr: [1, 4, 1, 5, 1, 1, 1, 5, 7, 7], clean accepted per itr: [1, 4, 1, 7, 1, 1, 1, 5, 8, 7]
Generated answers: ```python
def will_it_fly(q, w):
    '''
    Write a function that returns True if the object q will fly, and False otherwise.
    The object q will fly if it's balanced (it is a palindromic list) and the sum of its elements is less than or equal the maximum possible weight w.

    Example:
    will_it_fly([1, 2], 5) ➞ False 
    # 1+2 is less than the maximum possible weight, but it's unbalanced.

    will_it_fly([3, 2, 3], 1) ➞ False
    # it's balanced, but 3+2+3 is more than the maximum possible weight.

    will_it_fly([3, 2, 3], 9) ➞ True
    # 3+2+3 is less than the maximum possible weight, and it's balanced.

    will_it_fly([3], 5) ➞ True
    # 3 is less than the maximum possible weight, and it's balanced.
    '''
    # Check if the list is balanced (palindromic)
    if q != q[::-1]:
        return False
    
    # Check if the sum of the elements is less than or equal to the maximum possible weight
    if sum(q) > w:
        return False
    
    return True
```<|im_end|>
Iter 2: rand accepted per itr: [3, 1, 5, 2, 2, 5, 5, 4, 3, 3, 4, 6, 2, 5, 4, 3], clean accepted per itr: [3, 1, 5, 2, 2, 5, 8, 4, 5, 3, 5, 7, 2, 5, 4, 3]
Iter 3: rand accepted per itr: [1, 10, 6, 5, 4, 6, 8, 6, 10, 7], clean accepted per itr: [1, 10, 6, 5, 4, 6, 9, 6, 10, 7]
Iter 4: rand accepted per itr: [1, 9, 10, 5, 1, 1, 2, 1, 9, 1, 4, 5, 4, 3, 2, 5], clean accepted per itr: [1, 9, 10, 5, 1, 1, 2, 1, 9, 1, 4, 5, 4, 4, 2, 5]
Iter 5: rand accepted per itr: [1, 3, 57], clean accepted per itr: [1, 6, 57]
Generated answers: ```python
def smallest_change(arr):
    """
    Given an array arr of integers, find the minimum number of elements that
    need to be changed to make the array palindromic. A palindromic array is an array that
    is read the same backwards and forwards. In one change, you can change one element to any other element.

    For example:
    smallest_change([1,2,3,5,4,7,9,6]) == 4
    smallest_change([1, 2, 3, 4, 3, 2, 2]) == 1
    smallest_change([1, 2, 3, 2, 1]) == 0
    """
    n = len(arr)
    changes = 0
    for i in range(n // 2):
        if arr[i] != arr[n - i - 1]:
            changes += 1
    return changes
```<|im_end|>
Iter 2: rand accepted per itr: [3, 2, 4, 1, 2, 5, 6, 1, 4, 7, 3, 7, 7, 4], clean accepted per itr: [3, 2, 8, 1, 2, 8, 6, 1, 4, 7, 3, 8, 7, 4]
Iter 3: rand accepted per itr: [1, 1, 1, 2, 4, 2, 5, 11, 8, 5, 7, 4, 5, 4], clean accepted per itr: [1, 1, 1, 2, 4, 2, 7, 11, 8, 5, 7, 4, 7, 4]
Iter 4: rand accepted per itr: [1, 7, 4, 5, 8, 6, 6, 6, 4, 1, 1, 1, 1], clean accepted per itr: [1, 7, 4, 10, 9, 6, 9, 9, 5, 1, 1, 1, 1]
Iter 5: rand accepted per itr: [1, 2, 2, 3, 1, 1, 1, 3, 1, 3, 6, 3, 6, 6, 2, 4, 1, 1, 1, 5, 2], clean accepted per itr: [1, 2, 2, 6, 1, 1, 1, 3, 1, 3, 6, 3, 11, 7, 2, 4, 1, 1, 1, 5, 2]
Iter 6: rand accepted per itr: [1, 1, 1, 1, 1, 1, 5, 5], clean accepted per itr: [1, 1, 1, 1, 1, 1, 5, 53]
Generated answers: ```python
def total_match(lst1, lst2):
    '''
    Write a function that accepts two lists of strings and returns the list that has 
    total number of chars in the all strings of the list less than the other list.

    if the two lists have the same number of chars, return the first list.

    Examples
    total_match([], []) ➞ []
    total_match(['hi', 'admin'], ['hI', 'Hi']) ➞ ['hI', 'Hi']
    total_match(['hi', 'admin'], ['hi', 'hi', 'admin', 'project']) ➞ ['hi', 'admin']
    total_match(['hi', 'admin'], ['hI', 'hi', 'hi']) ➞ ['hI', 'hi', 'hi']
    total_match(['4'], ['1', '2', '3', '4', '5']) ➞ ['4']
    '''
    # Calculate the total number of characters in each list
    total_chars_lst1 = sum(len(s) for s in lst1)
    total_chars_lst2 = sum(len(s) for s in lst2)
    
    # Compare the total number of characters and return the list with fewer characters
    if total_chars_lst1 < total_chars_lst2:
        return lst1
    else:
        return lst2
```<|im_end|>
Iter 2: rand accepted per itr: [1, 1, 1, 2, 5, 2, 3, 6, 3, 6, 5, 3, 4, 6, 2, 5, 5, 3], clean accepted per itr: [1, 1, 1, 2, 6, 2, 3, 6, 3, 6, 5, 3, 4, 6, 2, 5, 5, 3]
Iter 3: rand accepted per itr: [1, 7, 6, 1, 1, 1, 1, 2, 3, 7, 1, 6, 4, 9, 7, 1], clean accepted per itr: [1, 7, 6, 1, 1, 1, 1, 3, 3, 10, 1, 6, 4, 9, 9, 1]
Iter 4: rand accepted per itr: [1, 5, 1, 1, 1, 2, 5, 10, 1, 3, 2, 6, 2, 3, 6, 5], clean accepted per itr: [1, 5, 1, 1, 1, 2, 7, 10, 1, 6, 6, 7, 2, 3, 6, 5]
Iter 5: rand accepted per itr: [1], clean accepted per itr: [1]
Generated answers: ```python
def is_multiply_prime(a):
    """Write a function that returns true if the given number is the multiplication of 3 prime numbers
    and false otherwise.
    Knowing that (a) is less then 100. 
    Example:
    is_multiply_prime(30) == True
    30 = 2 * 3 * 5
    """
    def is_prime(n):
        if n <= 1:
            return False
        for i in range(2, int(n**0.5) + 1):
            if n % i == 0:
                return False
        return True

    primes = [i for i in range(2, 100) if is_prime(i)]
    for i in primes:
        for j in primes:
            for k in primes:
                if i * j * k == a:
                    return True
    return False
```<|im_end|>
Iter 2: rand accepted per itr: [3, 8, 1, 3, 4, 4, 4, 1, 2, 4, 7, 5, 3, 3, 5, 4], clean accepted per itr: [4, 8, 1, 3, 4, 4, 6, 1, 2, 4, 7, 5, 3, 3, 5, 4]
Iter 3: rand accepted per itr: [1, 8, 2, 7, 6, 5, 7, 7, 3], clean accepted per itr: [1, 9, 8, 7, 10, 7, 7, 7, 8]
Iter 4: rand accepted per itr: [1, 5, 5, 1, 2, 4, 6, 4, 1, 1, 4, 1, 3, 4, 4, 1, 1, 6, 1, 1, 1], clean accepted per itr: [1, 5, 5, 1, 2, 4, 9, 4, 1, 1, 4, 1, 3, 7, 5, 1, 1, 6, 1, 1, 1]
Iter 5: rand accepted per itr: [1, 1, 3, 6, 4, 20], clean accepted per itr: [1, 1, 3, 7, 4, 48]
Generated answers: ```python
def is_simple_power(x, n):
    """Your task is to write a function that returns true if a number x is a simple
    power of n and false in other cases.
    x is a simple power of n if n**int=x
    For example:
    is_simple_power(1, 4) => true
    is_simple_power(2, 2) => true
    is_simple_power(8, 2) => true
    is_simple_power(3, 2) => false
    is_simple_power(3, 1) => false
    is_simple_power(5, 3) => false
    """
    if x == 1:
        return True
    if n == 1:
        return x == 1
    if n == 0:
        return x == 0
    if x < n:
        return False
    if x % n != 0:
        return False
    return is_simple_power(x // n, n)
```<|im_end|>
====[75/162] task_id=HumanEval/76 new_toks=213 calls=5 avg_iter/call=10.40 reason=eos====
Iter 2: rand accepted per itr: [1, 1, 1, 4, 4, 6, 4, 5, 1, 1, 3, 4, 5, 8, 5, 7, 3], clean accepted per itr: [1, 1, 1, 4, 5, 6, 4, 5, 1, 1, 3, 4, 5, 8, 5, 7, 3]
Iter 3: rand accepted per itr: [1, 8, 7, 10, 8, 7, 1, 1, 3, 3, 2, 3, 2, 1, 1], clean accepted per itr: [1, 8, 10, 11, 8, 9, 1, 1, 3, 3, 2, 3, 2, 1, 1]
Iter 4: rand accepted per itr: [1, 1, 3, 2, 3, 4, 2, 1, 1, 3, 1, 3, 1, 1, 1, 1, 6], clean accepted per itr: [1, 1, 4, 2, 3, 5, 2, 1, 1, 3, 1, 3, 1, 1, 1, 1, 6]
Generated answers: ```python
def iscube(a):
    '''
    Write a function that takes an integer a and returns True 
    if this integer is is a cube of some integer number.
    Note: you may assume the input is always valid.
    Examples:
    iscube(1) ==> True
    iscube(2) ==> False
    iscube(-1) ==> True
    iscube(64) ==> True
    iscube(0) ==> True
    iscube(180) ==> False
    '''
    # Calculate the cube root of the absolute value of a
    cube_root = abs(a) ** (1/3)
    # Check if the cube root is an integer by comparing it to its rounded value
    return cube_root == round(cube_root)
```<|im_end|>
Iter 2: rand accepted per itr: [1, 1, 1, 1, 5, 1, 1, 3, 3, 3, 1, 4, 8, 1, 4, 3, 3, 2, 3, 3, 4], clean accepted per itr: [1, 1, 1, 1, 5, 1, 1, 3, 3, 3, 1, 4, 9, 1, 4, 4, 3, 6, 3, 5, 4]
Iter 3: rand accepted per itr: [1, 5, 4, 6, 7, 10, 6, 4, 4, 9], clean accepted per itr: [1, 5, 4, 6, 9, 10, 7, 7, 5, 10]
Iter 4: rand accepted per itr: [1, 9, 5, 1, 1, 2, 2, 4, 4, 8, 2, 3, 5, 3, 4, 4, 2], clean accepted per itr: [1, 9, 5, 1, 1, 2, 5, 4, 5, 8, 2, 3, 5, 3, 4, 4, 2]
Iter 5: rand accepted per itr: [1, 2, 2, 3, 2, 2, 2, 2, 7, 4, 8, 9, 4, 3, 9, 1], clean accepted per itr: [1, 2, 2, 3, 2, 2, 2, 2, 7, 4, 8, 9, 4, 6, 9, 1]
Iter 6: rand accepted per itr: [1, 6, 5, 7, 4, 4, 3, 2, 10, 3, 6, 1, 1, 3, 1, 1], clean accepted per itr: [1, 6, 5, 7, 6, 4, 3, 2, 14, 3, 6, 1, 1, 3, 1, 1]
Iter 7: rand accepted per itr: [1, 3, 1, 1, 3, 8, 6, 1, 3, 1, 2, 4, 5, 5], clean accepted per itr: [1, 3, 1, 1, 3, 9, 7, 1, 3, 1, 13, 4, 8, 9]
Iter 8: rand accepted per itr: [1, 2, 1, 1, 2, 5, 4, 1, 2, 1, 7, 4, 1, 1, 4], clean accepted per itr: [1, 2, 1, 1, 2, 6, 7, 1, 2, 1, 7, 7, 1, 1, 24]
Generated answers: ```python
def hex_key(num):
    """You have been tasked to write a function that receives 
    a hexadecimal number as a string and counts the number of hexadecimal 
    digits that are primes (prime number, or a prime, is a natural number 
    greater than 1 that is not a product of two smaller natural numbers).
    Hexadecimal digits are 0, 1, 2, 3, 4, 5, 6, 7, 8, 9, A, B, C, D, E, F.
    Prime numbers are 2, 3, 5, 7, 11, 13, 17,...
    So you have to determine a number of the following digits: 2, 3, 5, 7, 
    B (=decimal 11), D (=decimal 13).
    Note: you may assume the input is always correct or empty string, 
    and symbols A,B,C,D,E,F are always uppercase.
    Examples:
    For num = "AB" the output should be 1.
    For num = "1077E" the output should be 2.
    For num = "ABED1A33" the output should be 4.
    For num = "123456789ABCDEF0" the output should be 6.
    For num = "2020" the output should be 2.
    """
    # Define the set of prime hexadecimal digits
    prime_hex_digits = {'2', '3', '5', '7', 'B', 'D'}
    
    # Initialize a counter for prime digits
    prime_count = 0
    
    # Iterate through each character in the input string
    for char in num:
        # Check if the character is a prime hexadecimal digit
        if char in prime_hex_digits:
            # Increment the counter if it is
            prime_count += 1
    
    # Return the total count of prime hexadecimal digits
    return prime_count
```<|im_end|>
Iter 2: rand accepted per itr: [1, 1, 1, 2, 5, 2, 4, 6, 2, 2, 2, 1, 2, 3, 3, 2, 2, 4, 6, 5, 1], clean accepted per itr: [1, 1, 1, 2, 6, 2, 4, 6, 7, 2, 3, 1, 2, 3, 3, 2, 2, 4, 6, 5, 1]
Iter 3: rand accepted per itr: [1, 3, 2, 2, 3, 4, 3, 4, 4, 4, 4, 2, 9, 8, 9], clean accepted per itr: [1, 3, 2, 2, 3, 4, 3, 4, 4, 4, 4, 3, 10, 8, 9]
Iter 4: rand accepted per itr: [1, 2, 9, 2, 1, 5, 2, 2, 5, 1, 4, 6, 3, 3, 7], clean accepted per itr: [1, 2, 12, 2, 1, 6, 2, 2, 5, 1, 4, 6, 3, 9, 8]
Iter 5: rand accepted per itr: [1, 2, 7], clean accepted per itr: [1, 2, 7]
Generated answers: ```python
def decimal_to_binary(decimal):
    """You will be given a number in decimal form and your task is to convert it
    binary binary format format. function should return a string, with each character representing a binary
    number. Each character in the string will be '0' or '1'.

    There will be an extra couple of characters 'db' at the beginning and at the end of the string.
    The extra characters are there to help with the format.

    Examples:
    decimal_to_binary(15)   # returns "db1111db"
    decimal_to_binary(32)   # returns "db100000db"
    """
    if decimal == 0:
        return "db0db"
    binary = ""
    while decimal > 0:
        binary = str(decimal % 2) + binary
        decimal = decimal // 2
    return "db" + binary + "db"
```<|im_end|>
Iter 2: rand accepted per itr: [1, 1, 1, 3, 1, 1, 2, 5, 3, 5, 5, 5, 2, 6, 4, 5, 3], clean accepted per itr: [1, 1, 1, 7, 1, 1, 4, 6, 3, 5, 5, 6, 2, 6, 7, 5, 3]
Iter 3: rand accepted per itr: [1, 3, 5, 6, 2, 8, 4, 7, 3, 3, 4, 6, 2, 7], clean accepted per itr: [1, 3, 5, 6, 2, 8, 4, 7, 3, 6, 4, 6, 2, 7]
Iter 4: rand accepted per itr: [1, 4, 3, 2, 3, 7, 3, 1, 2, 1, 6, 5, 3, 8, 1, 2], clean accepted per itr: [1, 4, 3, 2, 3, 7, 3, 1, 5, 1, 6, 5, 3, 11, 1, 2]
Generated answers: ```python
def is_happy(s):
    """You are given a string s.
    Your task is to check if the string is happy or not.
    A string is happy if its length is at least 3 and every 3 consecutive letters are distinct
    For example:
    is_happy(a) => False
    is_happy(aa) => False
    is_happy(abcd) => True
    is_happy(aabb) => False
    is_happy(adb) => True
    is_happy(xyy) => False
    """
    if len(s) < 3:
        return False
    for i in range(len(s) - 2):
        if s[i] == s[i+1] or s[i] == s[i+2] or s[i+1] == s[i+2]:
            return False
    return True
```<|im_end|>
Iter 2: rand accepted per itr: [1, 1, 1, 4, 4, 1, 4, 7, 2, 4, 2, 3, 2, 3, 3, 3, 4, 2, 2, 3, 4, 3], clean accepted per itr: [1, 1, 1, 4, 4, 1, 4, 7, 2, 5, 2, 3, 2, 3, 3, 3, 4, 2, 2, 3, 4, 3]
Iter 3: rand accepted per itr: [1, 1, 2, 6, 2, 4, 5, 3, 1, 4, 5, 4, 4, 4, 6, 3], clean accepted per itr: [1, 1, 2, 9, 2, 5, 8, 3, 1, 4, 5, 4, 4, 6, 6, 3]
Iter 4: rand accepted per itr: [1, 4, 5, 2, 6, 7, 4, 3, 7, 6, 3, 4, 4], clean accepted per itr: [1, 4, 5, 2, 9, 9, 6, 3, 7, 6, 3, 4, 5]
Iter 5: rand accepted per itr: [1, 4, 5, 5, 2, 2, 4, 3, 4, 8, 9, 5, 4, 4], clean accepted per itr: [1, 4, 5, 9, 2, 2, 4, 3, 4, 8, 9, 5, 4, 4]
Iter 6: rand accepted per itr: [1, 2, 7, 2, 1, 5, 5, 4, 2, 5, 2, 1, 7, 4, 8, 4, 1], clean accepted per itr: [1, 2, 9, 2, 1, 5, 5, 4, 2, 6, 2, 1, 7, 4, 8, 4, 1]
Iter 7: rand accepted per itr: [1, 6, 3, 8, 8, 10, 9, 2], clean accepted per itr: [1, 7, 3, 14, 8, 10, 19, 2]
Iter 8: rand accepted per itr: [1, 7, 9, 12, 10, 8, 5, 8], clean accepted per itr: [1, 7, 10, 12, 10, 8, 5, 11]
Iter 9: rand accepted per itr: [1, 10, 9, 10, 3, 1, 6, 7, 4], clean accepted per itr: [1, 11, 16, 10, 3, 1, 8, 10, 4]
Generated answers: ```python
def numerical_letter_grade(grades):
    """It is the last week of the semester and the teacher has to give the grades
    to students. The teacher has been making her own algorithm for grading.
    The only problem is, she has lost the code she used for grading.
    She has given you a list of GPAs for some students and you have to write 
    a function that can output a list of letter grades using the following table:
             GPA       |    Letter grade
              4.0                A+
            > 3.7                A 
            > 3.3                A- 
            > 3.0                B+
            > 2.7                B 
            > 2.3                B-
            > 2.0                C+
            > 1.7                C
            > 1.3                C-
            > 1.0                D+ 
            > 0.7                D 
            > 0.0                D-
              0.0                E
    

    Example:
    grade_equation([4.0, 3, 1.7, 2, 3.5]) ==> ['A+', 'B', 'C-', 'C', 'A-']
    """
    letter_grades = []
    for grade in grades:
        if grade == 4.0:
            letter_grades.append('A+')
        elif grade > 3.7:
            letter_grades.append('A')
        elif grade > 3.3:
            letter_grades.append('A-')
        elif grade > 3.0:
            letter_grades.append('B+')
        elif grade > 2.7:
            letter_grades.append('B')
        elif grade > 2.3:
            letter_grades.append('B-')
        elif grade > 2.0:
            letter_grades.append('C+')
        elif grade > 1.7:
            letter_grades.append('C')
        elif grade > 1.3:
            letter_grades.append('C-')
        elif grade > 1.0:
            letter_grades.append('D+')
        elif grade > 0.7:
            letter_grades.append('D')
        elif grade > 0.0:
            letter_grades.append('D-')
        else:
            letter_grades.append('E')
    return letter_grades
```<|im_end|>
====[80/162] task_id=HumanEval/81 new_toks=509 calls=9 avg_iter/call=11.89 reason=eos====
Iter 2: rand accepted per itr: [3, 1, 2, 1, 1, 2, 6, 1, 8, 6, 2, 4, 5, 3, 5, 7, 6], clean accepted per itr: [3, 1, 2, 1, 1, 2, 7, 1, 8, 6, 2, 4, 5, 3, 5, 7, 6]
Iter 3: rand accepted per itr: [1, 6, 8, 2, 1, 1, 1, 4, 3, 4, 7, 1], clean accepted per itr: [1, 7, 11, 4, 1, 1, 1, 4, 3, 4, 26, 1]
Iter 4: rand accepted per itr: [1, 8, 3, 1, 4], clean accepted per itr: [1, 11, 3, 1, 4]
Generated answers: ```python
from typing import *
from collections import *

def prime_length(string):
    """Write a function that takes a string and returns True if the string
    length is a prime number or False otherwise
    Examples
    prime_length('Hello') == True
    prime_length('abcdcba') == True
    prime_length('kittens') == True
    prime_length('orange') == False
    """
    def is_prime(n):
        if n <= 1:
            return False
        for i in range(2, int(n**0.5) + 1):
            if n % i == 0:
                return False
        return True

    return is_prime(len(string))
```<|im_end|>
Iter 2: rand accepted per itr: [2, 1, 6, 2, 4, 4, 3, 2, 3, 3, 3, 8, 1, 4, 1, 1, 1, 1, 1], clean accepted per itr: [2, 1, 7, 2, 4, 4, 7, 2, 3, 7, 4, 11, 1, 4, 1, 1, 1, 1, 1]
Iter 3: rand accepted per itr: [1, 4, 1, 1, 1, 2, 2, 2, 4], clean accepted per itr: [1, 4, 1, 1, 1, 2, 2, 2, 50]
Generated answers: ```python
def starts_one_ends(n):
    """
    Given a positive integer n, return the count of the numbers of n-digit
    positive integers that start or end with 1.
    """
    if n == 1:
        return 1
    else:
        return 2 * 9 ** (n - 1) - 8 ** (n - 2)
```<|im_end|>
Iter 2: rand accepted per itr: [1, 1, 1, 3, 3, 2, 4, 8, 4, 2, 3, 10, 3], clean accepted per itr: [1, 1, 1, 3, 3, 2, 4, 19, 5, 6, 3, 13, 3]
Iter 3: rand accepted per itr: [1, 2, 5, 5, 10, 4, 6, 2, 2, 6, 2, 3, 4, 3], clean accepted per itr: [1, 2, 5, 9, 10, 4, 9, 4, 2, 6, 2, 3, 4, 3]
Iter 4: rand accepted per itr: [1, 4, 3, 5, 3, 1, 1, 3, 1, 2, 2, 3, 1, 2, 1, 1, 2, 3, 2, 7, 1, 2, 1, 1, 1, 1, 2, 5], clean accepted per itr: [1, 4, 4, 5, 3, 1, 1, 3, 1, 2, 3, 3, 1, 2, 1, 1, 2, 3, 2, 7, 1, 2, 1, 1, 1, 1, 2, 5]
Iter 5: rand accepted per itr: [1, 3, 1, 3], clean accepted per itr: [1, 3, 1, 59]
Generated answers: ```python
def solve(N):
    """Given a positive integer N, return the total sum of its digits in binary.
    
    Example
        For N = 1000, the sum of digits will be 1 the output should be "1".
        For N = 150, the sum of digits will be 6 the output should be "110".
        For N = 147, the sum of digits will be 12 the output should be "1100".
    
    Variables:
        @N integer
             Constraints: 0 ≤ N ≤ 10000.
    Output:
         a string of binary number
    """
    # Convert the number to a string to iterate over each digit
    digit_sum = sum(int(digit) for digit in str(N))
    # Convert the sum of digits to binary and return it as a string
    return bin(digit_sum)[2:]
```<|im_end|>
Iter 2: rand accepted per itr: [3, 3, 5, 4, 3, 4, 1, 2, 8, 2, 3, 2, 1, 1, 3, 2], clean accepted per itr: [3, 3, 6, 5, 3, 7, 1, 2, 16, 2, 5, 2, 1, 1, 5, 2]
Iter 3: rand accepted per itr: [1, 2, 1, 4, 2, 5, 1, 2], clean accepted per itr: [1, 2, 1, 6, 2, 5, 1, 2]
Generated answers: ```python
def add(lst):
    """Given a non-empty list of integers lst. add the even elements that are at odd indices..


    Examples:
        add([4, 2, 6, 7]) ==> 2 
    """
    return sum(lst[i] for i in range(1, len(lst), 2) if lst[i] % 2 == 0)
```<|im_end|>
Iter 2: rand accepted per itr: [2, 1, 7, 2, 7, 7, 3, 4, 4, 4, 3, 6, 3, 2, 3, 3], clean accepted per itr: [2, 1, 8, 2, 7, 7, 3, 4, 4, 4, 3, 8, 3, 2, 3, 3]
Iter 3: rand accepted per itr: [1, 4, 1, 6, 7, 4, 4, 4, 7, 8, 2, 6, 5], clean accepted per itr: [1, 4, 1, 7, 7, 4, 4, 4, 7, 8, 4, 6, 7]
Iter 4: rand accepted per itr: [1, 3, 1, 3, 1, 1, 1, 2, 1, 1, 1, 6, 1, 2, 5], clean accepted per itr: [1, 3, 1, 3, 1, 1, 1, 2, 1, 1, 1, 6, 1, 4, 5]
Generated answers: ```python
def anti_shuffle(s):
    """
    Write a function that takes a string and returns an ordered version of it.
    Ordered version of string, is a string where all words (separated by space)
    are replaced by a new word where all the characters arranged in
    ascending order based on ascii value.
    Note: You should keep the order of words and blank spaces in the sentence.

    For example:
    anti_shuffle('Hi') returns 'Hi'
    anti_shuffle('hello') returns 'ehllo'
    anti_shuffle('Hello World!!!') returns 'Hello !!!Wdlor'
    """
    words = s.split(' ')
    ordered_words = [''.join(sorted(word)) for word in words]
    return ' '.join(ordered_words)
```<|im_end|>
====[85/162] task_id=HumanEval/86 new_toks=159 calls=4 avg_iter/call=11.00 reason=eos====
Iter 2: rand accepted per itr: [1, 1, 1, 1, 8, 4, 2, 2, 5, 6, 1, 2, 2, 2, 7, 4, 4, 4, 1], clean accepted per itr: [1, 1, 1, 1, 9, 4, 2, 2, 6, 6, 1, 2, 2, 2, 7, 4, 4, 8, 1]
Iter 3: rand accepted per itr: [1, 6, 6, 6, 4, 6, 5, 5, 3, 5, 2, 2, 5, 1], clean accepted per itr: [1, 6, 6, 9, 5, 8, 5, 5, 3, 5, 2, 2, 6, 1]
Iter 4: rand accepted per itr: [1, 5, 5, 4, 5, 8, 6, 8, 6, 4], clean accepted per itr: [1, 5, 5, 4, 6, 8, 7, 9, 6, 13]
Iter 5: rand accepted per itr: [1, 10, 10, 5, 5, 4, 5, 5, 9, 2], clean accepted per itr: [1, 10, 11, 9, 5, 4, 5, 8, 9, 2]
Iter 6: rand accepted per itr: [1, 4, 3, 6, 1, 5, 4, 6, 3, 2, 1, 1, 3, 3, 1, 7, 1, 7], clean accepted per itr: [1, 4, 3, 8, 1, 5, 4, 6, 3, 2, 1, 1, 3, 6, 1, 7, 1, 7]
Generated answers: ```python
def get_row(lst, x):
    """
    You are given a 2 dimensional data, as a nested lists,
    which is similar to matrix, however, unlike matrices,
    each row may contain a different number of columns.
    Given lst, and integer x, find integers x in the list,
    and return list of tuples, [(x1, y1), (x2, y2) ...] such that
    each tuple is a coordinate - (row, columns), starting with 0.
    Sort coordinates initially by rows in ascending order.
    Also, sort coordinates of the row by columns in descending order.
    
    Examples:
    get_row([
      [1,2,3,4,5,6],
      [1,2,3,4,1,6],
      [1,2,3,4,5,1]
    ], 1) == [(0, 0), (1, 4), (1, 0), (2, 5), (2, 0)]
    get_row([], 1) == []
    get_row([[], [1], [1, 2, 3]], 3) == [(2, 2)]
    """
    result = []
    for i, row in enumerate(lst):
        for j, value in enumerate(row):
            if value == x:
                result.append((i, j))
    result.sort(key=lambda x: (x[0], -x[1]))
    return result
```<|im_end|>
Iter 2: rand accepted per itr: [1, 1, 1, 1, 6, 2, 7, 5, 2, 2, 8, 4, 4, 6, 6], clean accepted per itr: [1, 1, 1, 1, 7, 2, 10, 5, 2, 2, 9, 4, 4, 6, 9]
Iter 3: rand accepted per itr: [1, 6, 6, 4, 7, 5, 5, 5, 9, 7], clean accepted per itr: [1, 6, 6, 8, 10, 6, 5, 6, 9, 7]
Iter 4: rand accepted per itr: [1, 8, 12, 11, 9, 5, 9, 2], clean accepted per itr: [1, 8, 14, 11, 9, 5, 9, 7]
Iter 5: rand accepted per itr: [1, 6, 2, 1, 1, 4, 1, 2, 3, 7, 3, 1, 1, 3, 4, 5, 5, 3, 5, 6], clean accepted per itr: [1, 6, 2, 1, 1, 4, 1, 2, 3, 7, 3, 1, 1, 3, 4, 5, 5, 3, 5, 6]
Iter 6: rand accepted per itr: [1], clean accepted per itr: [1]
Generated answers: ```python
def sort_array(array):
    """
    Given an array of non-negative integers, return a copy of the given array after sorting,
    you will sort the given array in ascending order if the sum( first index value, last index value) is odd,
    or sort it in descending order if the sum( first index value, last index value) is even.

    Note:
    * don't change the given array.

    Examples:
    * sort_array([]) => []
    * sort_array([5]) => [5]
    * sort_array([2, 4, 3, 0, 1, 5]) => [0, 1, 2, 3, 4, 5]
    * sort_array([2, 4, 3, 0, 1, 5, 6]) => [6, 5, 4, 3, 2, 1, 0]
    """
    if not array:
        return []
    if len(array) == 1:
        return array
    if (array[0] + array[-1]) % 2 == 0:
        return sorted(array, reverse=True)
    else:
        return sorted(array)
```<|im_end|>
Iter 2: rand accepted per itr: [1, 1, 1, 3, 2, 1, 2, 7, 3, 3, 4, 4, 2, 3, 4, 1, 3, 1, 2, 3, 7, 1], clean accepted per itr: [1, 1, 1, 3, 2, 1, 2, 7, 3, 3, 5, 4, 2, 3, 5, 1, 3, 1, 2, 5, 8, 1]
Iter 3: rand accepted per itr: [1, 7, 5, 6, 8, 7, 7, 2, 2, 2, 1, 6, 5, 2, 1, 1], clean accepted per itr: [1, 7, 6, 6, 8, 7, 7, 2, 2, 2, 1, 6, 5, 2, 1, 1]
Iter 4: rand accepted per itr: [1, 1, 2, 2, 1, 6, 4, 3, 1, 2, 6, 3, 7, 4, 8, 10], clean accepted per itr: [1, 1, 3, 2, 1, 6, 4, 3, 1, 2, 6, 3, 7, 6, 8, 10]
Iter 5: rand accepted per itr: [1], clean accepted per itr: [1]
Generated answers: ```python
def encrypt(s):
    """Create a function encrypt that takes a string as an argument and
    returns a string encrypted with the alphabet being rotated. 
    The alphabet should be rotated in a manner such that the letters 
    shift down by two multiplied to two places.
    For example:
    encrypt('hi') returns 'lm'
    encrypt('asdfghjkl') returns 'ewhjklnop'
    encrypt('gf') returns 'kj'
    encrypt('et') returns 'ix'
    """
    result = ""
    for char in s:
        if char.isalpha():
            shift = (ord(char.lower()) - ord('a') + 2 * 2) % 26
            if char.islower():
                result += chr(ord('a') + shift)
            else:
                result += chr(ord('A') + shift)
        else:
            result += char
    return result
```<|im_end|>
Iter 2: rand accepted per itr: [3, 1, 6, 1, 2, 2, 7, 4, 3, 3, 4, 4, 6, 9], clean accepted per itr: [3, 1, 6, 1, 2, 2, 8, 4, 3, 11, 4, 4, 6, 9]
Iter 3: rand accepted per itr: [1, 9, 9, 9, 5, 4, 11, 1, 1, 3, 3], clean accepted per itr: [1, 9, 10, 9, 5, 4, 18, 1, 1, 3, 3]
Iter 4: rand accepted per itr: [1, 3, 3, 1, 2, 2, 2, 1, 4, 7, 5, 6, 26], clean accepted per itr: [1, 3, 3, 1, 2, 2, 3, 1, 4, 7, 5, 6, 26]
Generated answers: ```python
def next_smallest(lst):
    """
    You are given a list of integers.
    Write a function next_smallest() that returns the 2nd smallest element of the list.
    Return None if there is no such element.
    
    next_smallest([1, 2, 3, 4, 5]) == 2
    next_smallest([5, 1, 4, 3, 2]) == 2
    next_smallest([]) == None
    next_smallest([1, 1]) == None
    """
    if len(lst) < 2:
        return None
    unique_lst = list(set(lst))
    if len(unique_lst) < 2:
        return None
    unique_lst.sort()
    return unique_lst[1]
```<|im_end|>
Iter 2: rand accepted per itr: [1, 2, 2, 5, 2, 5, 2, 3, 4, 2, 2, 4, 6, 6, 6, 3, 3], clean accepted per itr: [1, 2, 2, 6, 2, 7, 2, 3, 4, 2, 2, 4, 6, 7, 8, 3, 3]
Iter 3: rand accepted per itr: [1, 7, 6, 9, 5, 5, 2, 2, 1, 2, 2, 1, 5, 5, 3, 1], clean accepted per itr: [1, 7, 6, 12, 8, 5, 2, 2, 1, 2, 2, 1, 6, 5, 3, 1]
Iter 4: rand accepted per itr: [1, 3, 1, 2, 2, 1, 1, 1, 3, 3, 8, 5], clean accepted per itr: [1, 3, 1, 2, 2, 1, 1, 1, 3, 3, 8, 5]
Generated answers: ```python
def is_bored(S):
    """
    You'll be given a string of words, and your task is to count the number
    of boredoms. A boredom is a sentence that starts with the word "I".
    Sentences are delimited by '.', '?' or '!'.
   
    For example:
    >>> is_bored("Hello world")
    0
    >>> is_bored("The sky is blue. The sun is shining. I love this weather")
    1
    """
    sentences = S.split('.')
    boredom_count = 0
    for sentence in sentences:
        words = sentence.split()
        if words and words[0].strip().lower() == "i":
            boredom_count += 1
    return boredom_count
```<|im_end|>
====[90/162] task_id=HumanEval/91 new_toks=158 calls=4 avg_iter/call=11.25 reason=eos====
Iter 2: rand accepted per itr: [1, 1, 1, 4, 6, 2, 1, 5, 6, 3, 5, 3, 7, 6, 4, 3, 3], clean accepted per itr: [1, 1, 1, 4, 6, 2, 1, 5, 7, 3, 5, 3, 7, 8, 4, 3, 3]
Iter 3: rand accepted per itr: [1, 2, 5, 1, 6, 4, 8, 2, 6, 7, 4, 2], clean accepted per itr: [1, 2, 5, 1, 16, 4, 11, 2, 6, 10, 4, 2]
Iter 4: rand accepted per itr: [1, 1, 2, 3, 6, 10, 6, 9, 6, 4, 7, 3], clean accepted per itr: [1, 1, 2, 3, 8, 10, 9, 9, 6, 5, 7, 3]
Iter 5: rand accepted per itr: [1, 7, 2, 9, 5, 9, 6, 7, 6, 4], clean accepted per itr: [1, 7, 7, 9, 5, 9, 6, 10, 6, 4]
Iter 6: rand accepted per itr: [1, 2, 3, 7, 6, 8, 7, 4, 6, 8, 3, 3], clean accepted per itr: [1, 2, 3, 7, 6, 10, 7, 8, 6, 8, 3, 3]
Iter 7: rand accepted per itr: [1, 7, 10, 5, 11, 10, 9, 4], clean accepted per itr: [1, 7, 13, 5, 12, 10, 12, 4]
Iter 8: rand accepted per itr: [1, 2, 5, 6, 7, 7, 5, 9, 7, 6, 3, 3], clean accepted per itr: [1, 2, 5, 6, 7, 7, 5, 9, 7, 9, 3, 3]
Iter 9: rand accepted per itr: [1, 3, 2, 9, 5, 7, 7, 2, 6, 9, 4, 2], clean accepted per itr: [1, 7, 2, 9, 6, 8, 7, 2, 6, 10, 4, 2]
Iter 10: rand accepted per itr: [1], clean accepted per itr: [1]
Generated answers: ```python
def any_int(x, y, z):
    '''
    Create a function that takes 3 numbers.
    Returns true if one of the numbers is equal to the sum of the other two, and all numbers are integers.
    Returns false in any other cases.
    
    Examples
    any_int(5, 2, 7) ➞ True
    
    any_int(3, 2, 2) ➞ False

    any_int(3, -2, 1) ➞ True
    
    any_int(3.6, -2.2, 2) ➞ False
```python
def any_int(x, y, z):
    '''
    Create a function that takes 3 numbers.
    Returns true if one of the numbers is equal to the sum of the other two, and all numbers are integers.
    Returns false in any other cases.
    
    Examples
    any_int(5, 2, 7) ➞ True
    
    any_int(3, 2, 2) ➞ False

    any_int(3, -2, 1) ➞ True
    
    any_int(3.6, -2.2, 2) ➞ False
```python
def any_int(x, y, z):
    '''
    Create a function that takes 3 numbers.
    Returns true if one of the numbers is equal to the sum of the other two, and all numbers are integers.
    Returns false in any other cases.
    
    Examples
    any_int(5, 2, 7) ➞ True
    
    any_int(3, 2, 2) ➞ False

    any_int(3, -2, 1) ➞ True
    
    any_int(3.6, -2.2, 2) ➞ False
```python
def any_int(x, y, z):
    '''
    Create a function that takes 3 numbers.
    Returns true if one of the numbers is equal to the sum of the other two, and all numbers are integers.
    Returns false in any other cases.
    
    Examples
    any_int(5, 2, 7) ➞ True
    
    any_int(3, 2, 2) ➞ False

    any_int(3, -2, 1) ➞ True
    
    any_int(3.6, -2.2, 2) ➞ False
```<|im_end|>
Iter 2: rand accepted per itr: [2, 1, 1, 4, 1, 4, 5, 1, 5, 2, 2, 2, 7, 4, 5, 5, 4, 6, 2], clean accepted per itr: [2, 1, 1, 4, 1, 4, 5, 1, 5, 2, 2, 2, 7, 4, 5, 5, 5, 6, 2]
Iter 3: rand accepted per itr: [1, 3, 2, 3, 2, 6, 3, 7, 7, 3, 2, 1, 2, 2, 2, 2, 1, 6], clean accepted per itr: [1, 3, 2, 3, 2, 6, 3, 8, 7, 5, 2, 1, 2, 2, 2, 2, 1, 12]
Iter 4: rand accepted per itr: [1, 3, 3, 1, 3, 3, 5, 5, 5, 3, 5, 1, 1, 4, 2, 1, 2, 6, 7], clean accepted per itr: [1, 3, 5, 1, 3, 3, 5, 5, 5, 3, 5, 1, 1, 4, 2, 1, 2, 6, 7]
Generated answers: ```python
def encode(message):
    """
    Write a function that takes a message, and encodes in such a 
    way that it swaps case of all letters, replaces all vowels in 
    the message with the letter that appears 2 places ahead of that 
    vowel in the english alphabet. 
    Assume only letters. 
    
    Examples:
    >>> encode('test')
    'TGST'
    >>> encode('This is a message')
    'tHKS KS C MGSSCGG'
    """
    vowels = 'aeiou'
    encoded_message = ''
    for char in message:
        if char.isalpha():
            if char.islower():
                char = char.upper()
            else:
                char = char.lower()
            if char in vowels:
                index = vowels.index(char)
                char = vowels[(index + 2) % 5]
        encoded_message += char
    return encoded_message
```<|im_end|>
Iter 2: rand accepted per itr: [1, 1, 1, 1, 3, 1, 2, 3, 1, 6, 5, 5, 9, 3, 3, 7, 4, 6, 2], clean accepted per itr: [1, 1, 1, 1, 3, 1, 2, 3, 1, 6, 5, 5, 9, 3, 3, 7, 4, 6, 2]
Iter 3: rand accepted per itr: [1, 5, 5, 5, 5, 4, 4, 4, 7, 7, 3, 2, 3], clean accepted per itr: [1, 5, 5, 5, 5, 6, 4, 4, 7, 10, 3, 6, 3]
Iter 4: rand accepted per itr: [1, 6, 3, 3, 4, 4, 4, 6, 7, 4, 6, 4, 5, 5], clean accepted per itr: [1, 6, 3, 3, 4, 4, 4, 6, 8, 4, 6, 4, 6, 5]
Iter 5: rand accepted per itr: [1, 5, 5, 1, 6, 4, 2, 7, 5, 7, 6, 2], clean accepted per itr: [1, 5, 5, 1, 6, 4, 8, 7, 12, 7, 6, 2]
Iter 6: rand accepted per itr: [1, 3, 5, 2, 7, 7, 4, 5, 3, 7, 3, 5, 2, 1], clean accepted per itr: [1, 3, 5, 2, 8, 8, 4, 5, 3, 14, 3, 5, 2, 1]
Iter 7: rand accepted per itr: [1, 3, 1, 1, 2, 3, 3, 4, 4, 2, 6, 7, 5, 2, 3], clean accepted per itr: [1, 3, 1, 1, 6, 3, 4, 12, 4, 2, 6, 7, 8, 2, 4]
Iter 8: rand accepted per itr: [1, 1, 5, 5, 1, 7, 4, 1, 1, 3, 2], clean accepted per itr: [1, 1, 6, 5, 1, 7, 6, 1, 1, 3, 8]
Generated answers: ```python
def skjkasdkd(lst):
    """You are given a list of integers.
    You need to find the largest prime value and return the sum of its digits.

    Examples:
    For lst = [0,3,2,1,3,5,7,4,5,5,5,2,181,32,4,32,3,2,32,324,4,3] the output should be 10
    For lst = [1,0,1,8,2,4597,2,1,3,40,1,2,1,2,4,2,5,1] the output should be 25
    For lst = [1,3,1,32,5107,34,83278,109,163,23,2323,32,30,1,9,3] the output should be 13
    For lst = [0,724,32,71,99,32,6,0,5,91,83,0,5,6] the output should be 11
    For lst = [0,81,12,3,1,21] the output should be 3
    For lst = [0,8,1,2,1,7] the output should be 7
    """
    def is_prime(n):
        if n <= 1:
            return False
        for i in range(2, int(n**0.5) + 1):
            if n % i == 0:
                return False
        return True

    max_prime = 0
    for num in lst:
        if is_prime(num) and num > max_prime:
            max_prime = num

    return sum(int(digit) for digit in str(max_prime))
```<|im_end|>
Iter 2: rand accepted per itr: [1, 1, 1, 2, 5, 2, 3, 4, 6, 1, 1, 5, 5, 4, 5, 8], clean accepted per itr: [1, 1, 1, 2, 5, 2, 3, 4, 6, 1, 1, 6, 5, 4, 5, 17]
Iter 3: rand accepted per itr: [1, 5, 9, 8, 4, 2, 8, 4, 6, 3], clean accepted per itr: [1, 5, 9, 8, 6, 2, 8, 15, 7, 3]
Iter 4: rand accepted per itr: [1, 9, 2, 4, 2, 4, 6, 2, 4, 3, 2, 2, 1, 2, 3], clean accepted per itr: [1, 9, 2, 4, 10, 9, 6, 2, 4, 3, 3, 2, 1, 5, 3]
Iter 5: rand accepted per itr: [1, 2, 5, 5, 6, 3, 4, 1, 31], clean accepted per itr: [1, 2, 5, 5, 6, 9, 4, 1, 31]
Generated answers: ```python
def check_dict_case(dict):
    """
    Given a dictionary, return True if all keys are strings in lower 
    case or all keys are strings in upper case, else return False.
    The function should return False is the given dictionary is empty.
    Examples:
    check_dict_case({"a":"apple", "b":"banana"}) should return True.
    check_dict_case({"a":"apple", "A":"banana", "B":"banana"}) should return False.
    check_dict_case({"a":"apple", 8:"banana", "a":"apple"}) should return False.
    check_dict_case({"Name":"John", "Age":"36", "City":"Houston"}) should return False.
    check_dict_case({"STATE":"NC", "ZIP":"12345" }) should return True.
    """
    if not dict:
        return False

    all_lower = all(key.islower() for key in dict if isinstance(key, str))
    all_upper = all(key.isupper() for key in dict if isinstance(key, str))

    return all_lower or all_upper
```<|im_end|>
Iter 2: rand accepted per itr: [1, 1, 1, 2, 5, 1, 4, 8, 3, 2, 1, 5, 5, 5, 9, 6], clean accepted per itr: [1, 1, 1, 2, 5, 1, 4, 10, 3, 2, 1, 5, 5, 5, 9, 9]
Iter 3: rand accepted per itr: [1, 6, 5, 10, 4, 8, 3, 6, 1], clean accepted per itr: [1, 6, 11, 14, 4, 9, 12, 6, 1]
Iter 4: rand accepted per itr: [1, 4, 5, 5, 7, 2, 1, 3, 4, 3, 3, 6, 3, 5], clean accepted per itr: [1, 4, 5, 5, 7, 2, 1, 3, 4, 3, 4, 12, 3, 10]
Iter 5: rand accepted per itr: [1, 7, 4, 2, 2, 5, 5, 1, 1, 1, 3, 5, 6], clean accepted per itr: [1, 9, 4, 8, 2, 9, 5, 1, 1, 1, 3, 5, 7]
Generated answers: ```python
def count_up_to(n):
    """Implement a function that takes an non-negative integer and returns an array of the first n
    integers that are prime numbers and less than n.
    for example:
    count_up_to(5) => [2,3]
    count_up_to(11) => [2,3,5,7]
    count_up_to(0) => []
    count_up_to(20) => [2,3,5,7,11,13,17,19]
    count_up_to(1) => []
    count_up_to(18) => [2,3,5,7,11,13,17]
    """
    def is_prime(num):
        if num <= 1:
            return False
        for i in range(2, int(num**0.5) + 1):
            if num % i == 0:
                return False
        return True

    primes = []
    for i in range(2, n):
        if is_prime(i):
            primes.append(i)
        if len(primes) == n:
            break
    return primes
```<|im_end|>
====[95/162] task_id=HumanEval/96 new_toks=247 calls=5 avg_iter/call=10.40 reason=eos====
Iter 2: rand accepted per itr: [1, 2, 4, 4, 7, 2, 5, 5, 3, 11, 11, 1], clean accepted per itr: [1, 2, 4, 4, 7, 2, 10, 5, 6, 11, 11, 1]
Iter 3: rand accepted per itr: [1, 10, 12, 5, 8, 1, 1, 2, 2, 1, 4, 1, 2], clean accepted per itr: [1, 12, 19, 5, 10, 1, 1, 2, 2, 1, 7, 1, 2]
Iter 4: rand accepted per itr: [1, 3, 7, 6, 4, 1, 1, 6, 4, 3], clean accepted per itr: [1, 3, 7, 9, 4, 1, 1, 7, 4, 8]
Generated answers: ```python
def multiply(a, b):
    """Complete the function that takes two integers and returns 
    the product of their unit digits.
    Assume the input is always valid.
    Examples:
    multiply(148, 412) should return 16.
    multiply(19, 28) should return 72.
    multiply(2020, 1851) should return 0.
    multiply(14,-15) should return 20.
    """
    # Extract the unit digit of each number
    unit_digit_a = abs(a) % 10
    unit_digit_b = abs(b) % 10
    
    # Calculate the product of the unit digits
    product = unit_digit_a * unit_digit_b
    
    return product
```<|im_end|>
Iter 2: rand accepted per itr: [1, 1, 1, 3, 4, 4, 6, 2, 1, 1, 4, 5, 7, 5, 2, 7, 4], clean accepted per itr: [1, 1, 1, 3, 4, 8, 6, 2, 1, 1, 4, 5, 7, 7, 2, 7, 4]
Iter 3: rand accepted per itr: [1, 3, 1, 1, 2, 2, 1, 3, 7, 2, 4, 1, 2, 1, 2, 1, 1, 6], clean accepted per itr: [1, 3, 1, 1, 2, 2, 1, 5, 7, 2, 4, 1, 2, 1, 2, 1, 1, 27]
Generated answers: ```python
def count_upper(s):
    """
    Given a string s, count the number of uppercase vowels in even indices.
    
    For example:
    count_upper('aBCdEf') returns 1
    count_upper('abcdefg') returns 0
    count_upper('dBBE') returns 0
    """
    vowels = "AEIOU"
    count = 0
    for i in range(0, len(s), 2):  # Iterate over even indices
        if s[i] in vowels:
            count += 1
    return count
```<|im_end|>
Iter 2: rand accepted per itr: [3, 6, 1, 3, 6, 4, 3, 7, 5, 4, 6, 7, 8], clean accepted per itr: [3, 6, 1, 3, 6, 4, 3, 7, 5, 4, 7, 7, 8]
Iter 3: rand accepted per itr: [1, 5, 8, 7, 6, 3, 3, 3, 6, 1], clean accepted per itr: [1, 9, 11, 9, 8, 3, 12, 4, 6, 1]
Iter 4: rand accepted per itr: [1, 4, 5, 2, 8, 3, 1, 2, 1, 1, 3, 2, 1, 5, 2, 1, 4, 2], clean accepted per itr: [1, 4, 6, 10, 8, 5, 1, 2, 1, 1, 3, 7, 1, 5, 2, 1, 4, 2]
Iter 5: rand accepted per itr: [1, 2, 3, 1, 1, 2, 1, 5, 2, 1, 3, 7, 9, 2], clean accepted per itr: [1, 2, 3, 1, 1, 2, 1, 5, 2, 1, 4, 9, 9, 8]
Generated answers: ```python
def closest_integer(value):
    '''
    Create a function that takes a value (string) representing a number
    and returns the closest integer to it. If the number is equidistant
    from two integers, round it away from zero.

    Examples
    >>> closest_integer("10")
    10
    >>> closest_integer("15.3")
    15

    Note:
    Rounding away from zero means that if the given number is equidistant
    from two integers, the one you should return is the one that is the
    farthest from zero. For example closest_integer("14.5") should
    return 15 and closest_integer("-14.5") should return -15.
    '''
    # Convert the input string to a float
    num = float(value)
    
    # Check if the number is positive or negative
    if num > 0:
        # Round away from zero for positive numbers
        return int(num + 0.5)
    else:
        # Round away from zero for negative numbers
        return int(num - 0.5)
```<|im_end|>
Iter 2: rand accepted per itr: [3, 5, 3, 3, 5, 7, 6, 6, 4, 3, 10], clean accepted per itr: [3, 7, 3, 3, 6, 7, 6, 10, 4, 3, 12]
Iter 3: rand accepted per itr: [1, 6, 6, 3, 2, 3, 7, 4, 11, 7, 1], clean accepted per itr: [1, 6, 7, 11, 2, 3, 8, 7, 11, 7, 1]
Iter 4: rand accepted per itr: [1, 1, 4, 1, 5, 1, 6, 6, 4, 4, 4, 4, 5, 6], clean accepted per itr: [1, 1, 5, 1, 5, 1, 7, 7, 9, 7, 5, 4, 5, 6]
Generated answers: ```python
def make_a_pile(n):
    """
    Given a positive integer n, you have to make a pile of n levels of stones.
    The first level has n stones.
    The number of stones in the next level is:
        - the next odd number if n is odd.
        - the next even number if n is even.
    Return the number of stones in each level in a list, where element at index
    i represents the number of stones in the level (i+1).

    Examples:
    >>> make_a_pile(3)
    [3, 5, 7]
    """
    pile = []
    current_stones = n
    for _ in range(n):
        pile.append(current_stones)
        if n % 2 == 0:
            current_stones += 2
        else:
            current_stones += 2
    return pile
```<|im_end|>
Iter 2: rand accepted per itr: [1, 1, 1, 3, 3, 2, 1, 3, 3, 4, 1, 1, 1, 2, 8, 3, 2, 4, 6, 8], clean accepted per itr: [1, 1, 1, 3, 3, 2, 1, 6, 3, 4, 1, 1, 1, 5, 8, 3, 2, 4, 6, 8]
Iter 3: rand accepted per itr: [1, 8, 7, 4, 7, 8, 10, 2, 1, 1, 2, 2, 1, 1, 1, 1, 2], clean accepted per itr: [1, 8, 7, 4, 10, 8, 10, 2, 1, 1, 4, 2, 1, 1, 1, 1, 2]
Iter 4: rand accepted per itr: [1, 2, 1, 2, 1, 2, 3, 1, 1, 2, 3, 1, 7], clean accepted per itr: [1, 2, 1, 3, 1, 2, 3, 1, 1, 3, 3, 1, 7]
Generated answers: ```python
def words_string(s):
    """
    You will be given a string of words separated by commas or spaces. Your task is
    to split the string into words and return an array of the words.
    
    For example:
    words_string("Hi, my name is John") == ["Hi", "my", "name", "is", "John"]
    words_string("One, two, three, four, five, six") == ["One", "two", "three", "four", "five", "six"]
    """
    # Split the string by commas and spaces, then filter out any empty strings
    words = [word.strip() for word in s.replace(',', ' ').split() if word.strip()]
    return words
```<|im_end|>
====[100/162] task_id=HumanEval/101 new_toks=156 calls=4 avg_iter/call=12.50 reason=eos====
Iter 2: rand accepted per itr: [1, 1, 1, 5, 4, 6, 3, 3, 1, 1, 4, 1, 6, 2, 7, 3], clean accepted per itr: [1, 1, 1, 5, 4, 6, 3, 4, 1, 1, 4, 1, 11, 2, 16, 3]
Iter 3: rand accepted per itr: [1, 3, 5, 4, 7, 1, 1, 9, 3, 6, 1, 1, 3, 1], clean accepted per itr: [1, 9, 10, 4, 9, 1, 1, 11, 6, 6, 1, 1, 3, 1]
Iter 4: rand accepted per itr: [1, 1, 1, 6, 3, 5], clean accepted per itr: [1, 1, 1, 6, 4, 5]
Generated answers: ```python
def choose_num(x, y):
    """This function takes two positive numbers x and y and returns the
    biggest even integer number that is in the range [x, y] inclusive. If 
    there's no such number, then the function should return -1.

    For example:
    choose_num(12, 15) = 14
    choose_num(13, 12) = -1
    """
    if x > y:
        return -1
    if y % 2 == 0:
        return y
    if (y - 1) >= x:
        return y - 1
    return -1
```<|im_end|>
Iter 2: rand accepted per itr: [1, 1, 1, 5, 4, 3, 2, 4, 4, 2, 1, 4, 2, 9, 3, 3], clean accepted per itr: [1, 1, 1, 5, 4, 3, 2, 4, 5, 2, 1, 16, 2, 11, 3, 3]
Iter 3: rand accepted per itr: [1, 9, 5, 8, 5, 8, 4, 8, 4], clean accepted per itr: [1, 9, 5, 11, 5, 8, 4, 17, 4]
Iter 4: rand accepted per itr: [1, 4, 6, 7, 2, 3, 8, 1, 2, 2, 1, 1, 5, 2, 3, 4, 1, 2, 2], clean accepted per itr: [1, 4, 6, 7, 2, 3, 8, 1, 2, 2, 1, 1, 5, 3, 3, 4, 1, 2, 8]
Iter 5: rand accepted per itr: [1, 2], clean accepted per itr: [1, 55]
Generated answers: ```python
def rounded_avg(n, m):
    """You are given two positive integers n and m, and your task is to compute the
    average of the integers from n through m (including n and m). 
    Round the answer to the nearest integer and convert that to binary.
    If n is greater than m, return -1.
    Example:
    rounded_avg(1, 5) => "0b11"
    rounded_avg(7, 5) => -1
    rounded_avg(10, 20) => "0b1111"
    rounded_avg(20, 33) => "0b11010"
    """
    if n > m:
        return -1
    else:
        total = sum(range(n, m + 1))
        average = round(total / (m - n + 1))
        return bin(average)
```<|im_end|>
Iter 2: rand accepted per itr: [3, 5, 1, 6, 4, 4, 1, 1, 2, 1, 4, 4, 4, 4, 8], clean accepted per itr: [4, 5, 1, 6, 4, 4, 1, 1, 2, 1, 4, 4, 15, 4, 8]
Iter 3: rand accepted per itr: [1, 6, 4, 7, 10, 5, 5, 1, 3, 2, 1, 1, 1, 1, 2, 4, 1, 3, 3], clean accepted per itr: [1, 6, 7, 7, 10, 5, 5, 1, 3, 2, 1, 1, 1, 1, 2, 4, 1, 3, 3]
Iter 4: rand accepted per itr: [1, 6, 6, 7, 3, 8, 3, 4, 4, 1, 2, 5, 13], clean accepted per itr: [1, 6, 6, 7, 3, 8, 4, 4, 4, 1, 2, 5, 13]
Generated answers: ```python
def unique_digits(x):
    """Given a list of positive integers x. return a sorted list of all 
    elements that hasn't any even digit.

    Note: Returned list should be sorted in increasing order.
    
    For example:
    >>> unique_digits([15, 33, 1422, 1])
    [1, 15, 33]
    >>> unique_digits([152, 323, 1422, 10])
    []
    """
    def has_no_even_digits(n):
        while n > 0:
            digit = n % 10
            if digit % 2 == 0:
                return False
            n //= 10
        return True

    result = [num for num in x if has_no_even_digits(num)]
    return sorted(result)
```<|im_end|>
Iter 2: rand accepted per itr: [3, 6, 2, 2, 8, 4, 5, 7, 6, 8, 4], clean accepted per itr: [3, 6, 2, 2, 9, 4, 8, 12, 6, 8, 4]
Iter 3: rand accepted per itr: [1, 5, 4, 3, 3, 10, 9, 6, 3, 13], clean accepted per itr: [1, 5, 4, 3, 3, 10, 9, 6, 7, 16]
Iter 4: rand accepted per itr: [1, 7, 12, 13, 3, 10, 3], clean accepted per itr: [1, 7, 12, 18, 11, 12, 3]
Iter 5: rand accepted per itr: [1, 2, 7, 5, 5, 7, 6, 2, 4, 10], clean accepted per itr: [1, 2, 7, 12, 5, 7, 11, 2, 7, 10]
Iter 6: rand accepted per itr: [1, 9, 4, 1, 1, 5, 1, 1, 1, 1, 2, 3, 2, 4, 3, 3, 3, 1, 5], clean accepted per itr: [1, 9, 4, 1, 1, 5, 1, 1, 1, 1, 2, 6, 2, 10, 5, 4, 3, 1, 6]
Iter 7: rand accepted per itr: [1, 5, 3, 1, 3, 4, 3, 1, 1, 3, 1, 2, 1, 2, 4, 1, 4, 7, 7], clean accepted per itr: [1, 5, 3, 1, 7, 5, 6, 1, 1, 3, 1, 2, 1, 2, 4, 1, 4, 7, 9]
Iter 8: rand accepted per itr: [1, 3, 10, 7, 6, 1, 1, 2, 4, 7, 4, 2], clean accepted per itr: [1, 3, 10, 10, 6, 1, 1, 2, 4, 7, 4, 15]
Generated answers: ```python
def by_length(arr):
    """
    Given an array of integers, sort the integers that are between 1 and 9 inclusive,
    reverse the resulting array, and then replace each digit by its corresponding name from
    "One", "Two", "Three", "Four", "Five", "Six", "Seven", "Eight", "Nine".

    For example:
      arr = [2, 1, 1, 4, 5, 8, 2, 3]   
            -> sort arr -> [1, 1, 2, 2, 3, 4, 5, 8] 
            -> reverse arr -> [8, 5, 4, 3, 2, 2, 1, 1]
      return ["Eight", "Five", "Four", "Three", "Two", "Two", "One", "One"]
    
      If the array is empty, return an empty array:
      arr = []
      return []
    
      If the array has any strange number ignore it:
      arr = [1, -1 , 55] 
            -> sort arr -> [-1, 1, 55]
            -> reverse arr -> [55, 1, -1]
      return = ['One']
    """
    # Filter out numbers not between 1 and 9
    filtered_arr = [num for num in arr if 1 <= num <= 9]
    
    # Sort the filtered array
    sorted_arr = sorted(filtered_arr)
    
    # Reverse the sorted array
    reversed_arr = sorted_arr[::-1]
    
    # Replace each digit by its corresponding name
    digit_names = {
        1: "One", 2: "Two", 3: "Three", 4: "Four", 5: "Five",
        6: "Six", 7: "Seven", 8: "Eight", 9: "Nine"
    }
    
    result = [digit_names[num] for num in reversed_arr]
    
    return result
```<|im_end|>
Iter 2: rand accepted per itr: [1, 2, 4, 2, 3, 7, 2, 3, 6, 4, 2, 6, 5, 7, 5, 1], clean accepted per itr: [1, 2, 4, 2, 3, 7, 2, 3, 6, 6, 2, 6, 5, 7, 7, 1]
Iter 3: rand accepted per itr: [1, 5, 6, 4, 7, 4, 5, 10, 1, 2], clean accepted per itr: [1, 5, 12, 6, 7, 4, 6, 20, 1, 2]
Iter 4: rand accepted per itr: [1, 2, 1, 3, 6, 3, 5, 1, 1, 5, 1, 5, 8, 7], clean accepted per itr: [1, 2, 1, 3, 12, 3, 5, 1, 1, 5, 1, 7, 15, 7]
Iter 5: rand accepted per itr: [1, 3, 6, 6, 8], clean accepted per itr: [1, 3, 6, 6, 13]
Generated answers: ```python
def f(n):
    """ Implement the function f that takes n as a parameter,
    and returns a list of size n, such that the value of the element at index i is the factorial of i if i is even
    or the sum of numbers from 1 to i otherwise.
    i starts from 1.
    the factorial of i is the multiplication of the numbers from 1 to i (1 * 2 * ... * i).
    Example:
    f(5) == [1, 2, 6, 24, 15]
    """
    def factorial(x):
        if x == 0:
            return 1
        else:
            return x * factorial(x - 1)

    def sum_numbers(x):
        return sum(range(1, x + 1))

    result = []
    for i in range(1, n + 1):
        if i % 2 == 0:
            result.append(factorial(i))
        else:
            result.append(sum_numbers(i))
    return result
```<|im_end|>
====[105/162] task_id=HumanEval/106 new_toks=220 calls=5 avg_iter/call=9.00 reason=eos====
Iter 2: rand accepted per itr: [1, 1, 1, 1, 4, 3, 1, 3, 3, 4, 4, 3, 1, 2, 4, 3, 6, 3, 2, 3, 8, 1], clean accepted per itr: [1, 1, 1, 1, 4, 4, 1, 4, 3, 4, 4, 3, 1, 2, 4, 3, 6, 3, 2, 3, 8, 1]
Iter 3: rand accepted per itr: [1, 8, 5, 7, 3, 7, 3, 4, 11, 10], clean accepted per itr: [1, 8, 5, 7, 3, 7, 6, 4, 13, 10]
Iter 4: rand accepted per itr: [1, 7, 9, 4, 8, 6, 2, 6, 5, 5], clean accepted per itr: [1, 7, 20, 4, 8, 6, 2, 6, 5, 5]
Iter 5: rand accepted per itr: [1, 4, 4, 6, 5, 1, 1, 4, 7, 5, 1, 6, 1, 4, 2, 5], clean accepted per itr: [1, 4, 4, 6, 5, 1, 1, 7, 7, 5, 1, 6, 1, 4, 3, 8]
Iter 6: rand accepted per itr: [1, 9, 9, 9, 1, 35], clean accepted per itr: [1, 9, 9, 9, 1, 35]
Generated answers: ```python
def even_odd_palindrome(n):
    """
    Given a positive integer n, return a tuple that has the number of even and odd
    integer palindromes that fall within the range(1, n), inclusive.

    Example 1:

        Input: 3
        Output: (1, 2)
        Explanation:
        Integer palindrome are 1, 2, 3. one of them is even, and two of them are odd.

    Example 2:

        Input: 12
        Output: (4, 6)
        Explanation:
        Integer palindrome are 1, 2, 3, 4, 5, 6, 7, 8, 9, 11. four of them are even, and 6 of them are odd.

    Note:
        1. 1 <= n <= 10^3
        2. returned tuple has the number of even and odd integer palindromes respectively.
    """
    even_count = 0
    odd_count = 0
    for i in range(1, n + 1):
        if str(i) == str(i)[::-1]:
            if i % 2 == 0:
                even_count += 1
            else:
                odd_count += 1
    return (even_count, odd_count)
```<|im_end|>
Iter 2: rand accepted per itr: [1, 2, 2, 4, 2, 2, 3, 7, 2, 1, 9, 8, 4, 4, 3], clean accepted per itr: [1, 2, 2, 4, 2, 2, 3, 7, 2, 1, 19, 8, 4, 4, 3]
Iter 3: rand accepted per itr: [1, 3, 4, 1, 8, 6, 4, 7, 3, 6, 8, 2, 1, 1], clean accepted per itr: [1, 3, 10, 1, 8, 9, 4, 7, 3, 6, 8, 2, 1, 1]
Iter 4: rand accepted per itr: [1, 3, 2, 1, 3, 1, 3, 2, 2, 1, 2, 3, 3, 2, 1, 2, 2, 6, 1, 4, 6, 4], clean accepted per itr: [1, 3, 2, 1, 6, 1, 3, 7, 2, 1, 2, 3, 3, 2, 1, 2, 2, 7, 1, 4, 6, 4]
Iter 5: rand accepted per itr: [1, 1, 1, 5, 2, 6, 9], clean accepted per itr: [1, 1, 1, 5, 2, 16, 9]
Generated answers: ```python
def count_nums(arr):
    """
    Write a function count_nums which takes an array of integers and returns
    the number of elements which has a sum of digits > 0.
    If a number is negative, then its first signed digit will be negative:
    e.g. -123 has signed digits -1, 2, and 3.
    >>> count_nums([]) == 0
    >>> count_nums([-1, 11, -11]) == 1
    >>> count_nums([1, 1, 2]) == 3
    """
    def sum_of_digits(n):
        if n == 0:
            return 0
        elif n < 0:
            return -int(str(n)[1]) + sum_of_digits(int(str(n)[2:]))
        else:
            return int(str(n)[0]) + sum_of_digits(int(str(n)[1:]))

    count = 0
    for num in arr:
        if sum_of_digits(num) > 0:
            count += 1
    return count
```<|im_end|>
Iter 2: rand accepted per itr: [1, 1, 1, 4, 3, 1, 4, 5, 3, 8, 1, 2, 1, 4, 3, 4, 3, 1, 1, 3, 3, 2], clean accepted per itr: [1, 1, 1, 4, 3, 1, 4, 5, 3, 9, 1, 2, 1, 4, 3, 5, 3, 1, 1, 6, 3, 2]
Iter 3: rand accepted per itr: [1, 3, 2, 2, 2, 5, 3, 2, 4, 6, 5, 4, 6, 9, 2, 1], clean accepted per itr: [1, 3, 2, 2, 2, 5, 3, 2, 4, 12, 5, 5, 6, 9, 2, 1]
Iter 4: rand accepted per itr: [1, 5, 4, 4, 5, 5, 5, 5, 5, 3, 3, 5, 7, 1], clean accepted per itr: [1, 5, 7, 4, 5, 8, 5, 5, 5, 3, 3, 5, 7, 1]
Iter 5: rand accepted per itr: [1, 3, 11, 7, 3, 5, 3, 7, 9, 3], clean accepted per itr: [1, 3, 12, 7, 6, 11, 5, 7, 9, 3]
Iter 6: rand accepted per itr: [1, 6, 3, 3, 5, 6, 1, 2, 6, 2, 6, 4, 6, 1], clean accepted per itr: [1, 7, 3, 3, 5, 6, 1, 2, 11, 2, 7, 9, 6, 1]
Iter 7: rand accepted per itr: [1, 2, 3, 5, 11], clean accepted per itr: [1, 2, 3, 5, 53]
Generated answers: ```python
def move_one_ball(arr):
    """We have an array 'arr' of N integers arr[1], arr[2], ..., arr[N].The
    numbers in the array will be randomly ordered. Your task is to determine if
    it is possible to get an array sorted in non-decreasing order by performing 
    the following operation on the given array:
        You are allowed to perform right shift operation any number of times.
    
    One right shift operation means shifting all elements of the array by one
    position in the right direction. The last element of the array will be moved to
    the starting position in the array i.e. 0th index. 

    If it is possible to obtain the sorted array by performing the above operation
    then return True else return False.
    If the given array is empty then return True.

    Note: The given list is guaranteed to have unique elements.

    For Example:
    
    move_one_ball([3, 4, 5, 1, 2])==>True
    Explanation: By performin 2 right shift operations, non-decreasing order can
                 be achieved for the given array.
    move_one_ball([3, 5, 4, 1, 2])==>False
    Explanation: It is not possible to get non-decreasing order for the given
                array by performing any number of right shift operations.
                
    """
    if not arr:
        return True

    n = len(arr)
    for i in range(n):
        if arr[i:] + arr[:i] == sorted(arr):
            return True
    return False
```<|im_end|>
Iter 2: rand accepted per itr: [1, 1, 1, 3, 6, 1, 2, 6, 7, 1, 2, 4, 2, 1, 5, 5, 5, 7], clean accepted per itr: [1, 1, 1, 3, 6, 1, 2, 6, 7, 1, 2, 4, 2, 1, 5, 6, 5, 10]
Iter 3: rand accepted per itr: [1, 1, 3, 5, 4, 5, 3, 2, 4, 2, 7, 5, 5, 8], clean accepted per itr: [1, 1, 3, 5, 4, 5, 4, 2, 4, 2, 15, 5, 5, 8]
Iter 4: rand accepted per itr: [1, 8, 7, 7, 9, 9, 7, 8, 4], clean accepted per itr: [1, 9, 7, 8, 11, 9, 7, 8, 4]
Iter 5: rand accepted per itr: [1, 2, 3, 1, 1, 1, 1, 2, 2, 3, 2, 1, 1, 2, 2, 2, 5, 2, 2, 5, 1, 7, 4, 1, 2, 1, 3], clean accepted per itr: [1, 2, 3, 1, 1, 1, 1, 3, 2, 3, 2, 1, 1, 2, 2, 2, 5, 3, 3, 5, 1, 7, 4, 1, 2, 1, 4]
Iter 6: rand accepted per itr: [1, 5, 1, 2, 1, 5, 7, 41], clean accepted per itr: [1, 5, 1, 2, 1, 6, 7, 41]
Generated answers: ```python
def exchange(lst1, lst2):
    """In this problem, you will implement a function that takes two lists of numbers,
    and determines whether it is possible to perform an exchange of elements
    between them to make lst1 a list of only even numbers.
    There is no limit on the number of exchanged elements between lst1 and lst2.
    If it is possible to exchange elements between the lst1 and lst2 to make
    all the elements of lst1 to be even, return "YES".
    Otherwise, return "NO".
    For example:
    exchange([1, 2, 3, 4], [1, 2, 3, 4]) => "YES"
    exchange([1, 2, 3, 4], [1, 5, 3, 4]) => "NO"
    It is assumed that the input lists will be non-empty.
    """
    # Check if lst1 can be made even by swapping elements with lst2
    # Count the number of odd elements in lst1
    odd_count = sum(1 for num in lst1 if num % 2 != 0)
    # Check if lst2 has enough even elements to swap with lst1
    if odd_count <= len(lst2):
        return "YES"
    else:
        return "NO"
```<|im_end|>
Iter 2: rand accepted per itr: [3, 4, 1, 2, 4, 7, 2, 2, 6, 5, 3], clean accepted per itr: [3, 5, 1, 2, 4, 7, 2, 2, 9, 23, 6]
Iter 3: rand accepted per itr: [1, 11, 7, 3, 11, 7, 4, 11], clean accepted per itr: [1, 12, 10, 3, 13, 7, 4, 14]
Iter 4: rand accepted per itr: [1, 1, 1, 3, 7, 2, 1, 3, 1, 1, 1, 2, 1, 1, 1, 1, 3, 2, 5, 1, 1, 4, 5, 4, 4, 4], clean accepted per itr: [1, 1, 1, 3, 7, 2, 1, 3, 1, 1, 1, 2, 1, 1, 1, 1, 3, 2, 7, 1, 1, 4, 5, 4, 4, 5]
Iter 5: rand accepted per itr: [1, 9, 5, 5, 5, 9, 9, 5, 7, 2, 1], clean accepted per itr: [1, 9, 5, 5, 5, 9, 10, 10, 7, 2, 1]
Iter 6: rand accepted per itr: [1, 1, 8, 1, 2, 1, 1, 1, 1, 6, 1, 1, 3, 1, 5, 7, 3], clean accepted per itr: [1, 1, 8, 1, 2, 1, 1, 1, 1, 16, 1, 1, 9, 1, 5, 7, 7]
Iter 7: rand accepted per itr: [1, 5], clean accepted per itr: [1, 5]
Generated answers: ```python
def histogram(test):
    """Given a string representing a space separated lowercase letters, return a dictionary
    of the letter with the most repetition and containing the corresponding count.
    If several letters have the same occurrence, return all of them.
    
    Example:
    histogram('a b c') == {'a': 1, 'b': 1, 'c': 1}
    histogram('a b b a') == {'a': 2, 'b': 2}
    histogram('a b c a b') == {'a': 2, 'b': 2}
    histogram('b b b b a') == {'b': 4}
    histogram('') == {}

    """
    # Split the input string into a list of letters
    letters = test.split()
    # Initialize a dictionary to store the count of each letter
    letter_count = {}
    # Iterate over each letter in the list
    for letter in letters:
        # If the letter is already in the dictionary, increment its count
        if letter in letter_count:
            letter_count[letter] += 1
        # If the letter is not in the dictionary, add it with a count of 1
        else:
            letter_count[letter] = 1
    # Find the maximum count of any letter
    max_count = max(letter_count.values())
    # Create a dictionary to store the letters with the maximum count
    result = {letter: count for letter, count in letter_count.items() if count == max_count}
    return result
```<|im_end|>
====[110/162] task_id=HumanEval/111 new_toks=325 calls=7 avg_iter/call=10.71 reason=eos====
Iter 2: rand accepted per itr: [1, 1, 1, 3, 1, 1, 2, 1, 1, 1, 4, 2, 1, 1, 2, 4, 2, 1, 4, 3, 3, 4, 1, 1, 1, 3, 1, 4, 4], clean accepted per itr: [1, 1, 1, 3, 1, 1, 2, 1, 1, 1, 4, 2, 1, 1, 2, 4, 2, 1, 4, 5, 5, 4, 1, 1, 1, 3, 1, 4, 5]
Iter 3: rand accepted per itr: [1, 3, 5], clean accepted per itr: [1, 5, 5]
Generated answers: ```python
def reverse_delete(s,c):
    # Remove characters in s that are equal to any character in c
    result = ''.join([char for char in s if char not in c])
    
    # Check if the result string is palindrome
    is_palindrome = result == result[::-1]
    
    return (result, is_palindrome)
```<|im_end|>
Iter 2: rand accepted per itr: [1, 1, 1, 2, 5, 3, 6, 3, 5, 3, 3, 4, 3, 1, 3, 4, 2, 4, 4], clean accepted per itr: [1, 1, 1, 2, 5, 3, 7, 7, 5, 3, 3, 5, 3, 1, 3, 4, 2, 4, 4]
Iter 3: rand accepted per itr: [1, 1, 3, 3, 5, 2, 1, 10, 10, 2, 4, 3, 1, 5, 7], clean accepted per itr: [1, 1, 3, 4, 5, 2, 1, 12, 10, 2, 7, 3, 1, 5, 7]
Iter 4: rand accepted per itr: [1, 4, 6, 4, 2, 5, 4, 4, 6, 1, 1, 2, 3, 1, 1, 4, 1], clean accepted per itr: [1, 9, 6, 8, 5, 7, 4, 4, 6, 1, 1, 2, 3, 1, 1, 4, 1]
Iter 5: rand accepted per itr: [1, 4, 1, 1, 2, 2, 4, 2, 2, 4, 4, 1, 2, 1, 1, 1, 1, 2, 1, 1, 1, 3, 2, 1, 3, 1, 4], clean accepted per itr: [1, 4, 1, 1, 3, 2, 4, 2, 8, 5, 4, 1, 4, 1, 1, 1, 1, 2, 1, 1, 1, 3, 2, 1, 4, 1, 4]
Iter 6: rand accepted per itr: [1, 2], clean accepted per itr: [1, 63]
Generated answers: ```python
def odd_count(lst):
    """Given a list of strings, where each string consists of only digits, return a list.
    Each element i of the output should be "the number of odd elements in the
    string i of the input." where all the i's should be replaced by the number
    of odd digits in the i'th string of the input.

    >>> odd_count(['1234567'])
    ["the number of odd elements 4n the str4ng 4 of the 4nput."]
    >>> odd_count(['3',"11111111"])
    ["the number of odd elements 1n the str1ng 1 of the 1nput.",
     "the number of odd elements 8n the str8ng 8 of the 8nput."]
    """
    result = []
    for i, s in enumerate(lst, start=1):
        odd_count = sum(1 for char in s if int(char) % 2 != 0)
        result.append(f"the number of odd elements {odd_count}n the str{odd_count}ng {odd_count} of the {odd_count}nput.")
    return result
```<|im_end|>
Iter 2: rand accepted per itr: [3, 2, 6, 1, 2, 8, 5, 4, 8, 6], clean accepted per itr: [3, 2, 7, 1, 2, 12, 5, 18, 8, 6]
Iter 3: rand accepted per itr: [1, 6, 10, 3, 1, 1, 2, 5, 1, 8, 4, 1, 1, 4, 2, 5, 6], clean accepted per itr: [1, 6, 10, 4, 1, 1, 3, 5, 1, 9, 4, 1, 1, 4, 2, 5, 6]
Iter 4: rand accepted per itr: [1, 7], clean accepted per itr: [1, 7]
Generated answers: ```python
def minSubArraySum(nums):
    """
    Given an array of integers nums, find the minimum sum of any non-empty sub-array
    of nums.
    Example
    minSubArraySum([2, 3, 4, 1, 2, 4]) == 1
    minSubArraySum([-1, -2, -3]) == -6
    """
    min_sum = float('inf')
    current_sum = 0
    for num in nums:
        current_sum = min(num, current_sum + num)
        min_sum = min(min_sum, current_sum)
    return min_sum
```<|im_end|>
Iter 2: rand accepted per itr: [1, 1, 1, 2, 6, 4, 2, 2, 3, 3, 3, 2, 3, 8, 6, 8, 2, 2, 3], clean accepted per itr: [1, 1, 1, 2, 6, 4, 2, 2, 3, 3, 4, 2, 3, 9, 6, 8, 2, 2, 3]
Iter 3: rand accepted per itr: [1, 2, 8, 3, 7, 6, 2, 3, 5, 3, 2, 1, 2, 5, 8], clean accepted per itr: [1, 2, 9, 3, 7, 6, 2, 3, 5, 3, 3, 1, 2, 6, 11]
Iter 4: rand accepted per itr: [1, 5, 6, 3, 5, 7, 6, 5, 8, 6, 4, 1], clean accepted per itr: [1, 5, 6, 3, 5, 7, 10, 6, 10, 6, 4, 1]
Iter 5: rand accepted per itr: [1, 4, 5, 7, 4, 3, 6, 3, 7, 7, 4, 4, 1], clean accepted per itr: [1, 4, 5, 7, 4, 3, 6, 6, 8, 11, 4, 4, 1]
Iter 6: rand accepted per itr: [1, 1, 3, 6, 5, 5, 4, 3, 6, 4, 5, 4], clean accepted per itr: [1, 1, 3, 6, 5, 5, 7, 4, 10, 9, 5, 8]
Iter 7: rand accepted per itr: [2, 2, 1, 1, 1, 2, 1, 1, 2, 4, 1, 1, 2, 4], clean accepted per itr: [2, 2, 1, 1, 1, 2, 1, 1, 2, 4, 1, 1, 4, 41]
Generated answers: ```python
def max_fill(grid, capacity):
    import math
    """
    You are given a rectangular grid of wells. Each row represents a single well,
    and each 1 in a row represents a single unit of water.
    Each well has a corresponding bucket that can be used to extract water from it, 
    and all buckets have the same capacity.
    Your task is to use the buckets to empty the wells.
    Output the number of times you need to lower the buckets.

    Example 1:
        Input: 
            grid : [[0,0,1,0], [0,1,0,0], [1,1,1,1]]
            bucket_capacity : 1
        Output: 6

    Example 2:
        Input: 
            grid : [[0,0,1,1], [0,0,0,0], [1,1,1,1], [0,1,1,1]]
            bucket_capacity : 2
        Output: 5
    
    Example 3:
        Input: 
            grid : [[0,0,0], [0,0,0]]
            bucket_capacity : 5
        Output: 0

    Constraints:
        * all wells have the same length
        * 1 <= grid.length <= 10^2
        * 1 <= grid[:,1].length <= 10^2
        * grid[i][j] -> 0 | 1
        * 1 <= capacity <= 10
    """
    total_water = sum(sum(row) for row in grid)
    return math.ceil(total_water / capacity)
```<|im_end|>
Iter 2: rand accepted per itr: [1, 1, 1, 4, 2, 2, 5, 1, 5, 4, 2, 3, 6, 3, 2, 5, 2], clean accepted per itr: [1, 1, 1, 4, 2, 2, 5, 1, 5, 4, 2, 3, 18, 3, 2, 8, 2]
Iter 3: rand accepted per itr: [1, 8, 8, 10, 5, 5, 9, 11], clean accepted per itr: [1, 8, 8, 11, 5, 5, 9, 17]
Iter 4: rand accepted per itr: [1, 3, 8, 12, 6, 5, 3, 3, 4, 2, 1, 2, 1, 5], clean accepted per itr: [1, 4, 8, 13, 6, 5, 3, 3, 4, 2, 1, 2, 1, 7]
Generated answers: ```python
def sort_array(arr):
    """
    In this Kata, you have to sort an array of non-negative integers according to
    number of ones in their binary representation in ascending order.
    For similar number of ones, sort based on decimal value.

    It must be implemented like this:
    >>> sort_array([1, 5, 2, 3, 4]) == [1, 2, 3, 4, 5]
    >>> sort_array([-2, -3, -4, -5, -6]) == [-6, -5, -4, -3, -2]
    >>> sort_array([1, 0, 2, 3, 4]) [0, 1, 2, 3, 4]
    """
    return sorted(arr, key=lambda x: (bin(x).count('1'), x))
```<|im_end|>
====[115/162] task_id=HumanEval/116 new_toks=187 calls=4 avg_iter/call=9.75 reason=eos====
Iter 2: rand accepted per itr: [2, 1, 5, 4, 5, 3, 4, 4, 1, 5, 4, 4, 2, 2, 5, 3, 5, 2], clean accepted per itr: [2, 1, 5, 4, 5, 3, 4, 5, 1, 7, 4, 4, 2, 2, 5, 3, 5, 2]
Iter 3: rand accepted per itr: [1, 3, 3, 7, 5, 8, 4, 5, 3, 6, 4], clean accepted per itr: [1, 3, 3, 7, 5, 14, 6, 5, 3, 13, 4]
Iter 4: rand accepted per itr: [1, 6, 6, 3, 2, 10, 2, 2, 6, 1, 1, 3, 1, 1, 1, 1, 1, 2, 2, 1], clean accepted per itr: [1, 6, 6, 3, 2, 18, 2, 2, 9, 1, 1, 3, 1, 1, 1, 1, 1, 2, 2, 1]
Iter 5: rand accepted per itr: [1, 3, 2, 2, 2, 1, 2, 1, 2, 4, 2, 3, 2, 8, 6], clean accepted per itr: [1, 3, 2, 6, 2, 1, 3, 1, 2, 4, 3, 3, 3, 8, 6]
Generated answers: ```python
def select_words(s, n):
    """Given a string s and a natural number n, you have been tasked to implement 
    a function that returns a list of all words from string s that contain exactly 
    n consonants, in order these words appear in the string s.
    If the string s is empty then the function should return an empty list.
    Note: you may assume the input string contains only letters and spaces.
    Examples:
    select_words("Mary had a little lamb", 4) ==> ["little"]
    select_words("Mary had a little lamb", 3) ==> ["Mary", "lamb"]
    select_words("simple white space", 2) ==> []
    select_words("Hello world", 4) ==> ["world"]
    select_words("Uncle sam", 3) ==> ["Uncle"]
    """
    vowels = "aeiouAEIOU"
    words = s.split()
    result = []
    for word in words:
        consonant_count = sum(1 for char in word if char not in vowels)
        if consonant_count == n:
            result.append(word)
    return result
```<|im_end|>
Iter 2: rand accepted per itr: [1, 1, 1, 9, 1, 3, 1, 1, 1, 1, 2, 1, 3, 2, 3, 2, 7, 4, 4, 2, 2, 4, 5, 2], clean accepted per itr: [1, 1, 1, 9, 1, 3, 1, 1, 1, 1, 2, 1, 4, 2, 3, 2, 7, 4, 4, 2, 2, 4, 5, 2]
Iter 3: rand accepted per itr: [1, 4, 5], clean accepted per itr: [1, 4, 6]
Generated answers: ```python
def get_closest_vowel(word):
    vowels = "aeiouAEIOU"
    for i in range(len(word) - 2, 0, -1):
        if word[i] in vowels and word[i-1] not in vowels and word[i+1] not in vowels:
            return word[i]
    return ""
```<|im_end|>
Iter 2: rand accepted per itr: [2, 1, 1, 2, 2, 5, 3, 7, 3, 1, 1, 2, 7, 3, 4, 3, 5, 1, 1, 7, 2], clean accepted per itr: [2, 1, 1, 2, 2, 5, 4, 7, 3, 1, 1, 2, 7, 3, 4, 3, 5, 1, 1, 7, 2]
Iter 3: rand accepted per itr: [1, 2, 4, 2, 4, 4, 1, 2, 5, 3, 5, 1, 3, 3, 5, 4, 6, 2], clean accepted per itr: [1, 2, 4, 3, 4, 4, 1, 2, 5, 3, 6, 1, 3, 3, 10, 4, 6, 2]
Iter 4: rand accepted per itr: [1, 5, 3, 3, 5, 4, 4, 6, 1, 1, 1, 1, 2, 1, 1, 1, 1, 2, 1, 1, 1, 1, 2, 3, 2, 5], clean accepted per itr: [1, 5, 3, 3, 5, 8, 5, 6, 1, 1, 1, 1, 2, 1, 1, 1, 1, 2, 1, 1, 1, 1, 2, 3, 2, 5]
Iter 5: rand accepted per itr: [1, 1, 1, 3, 6, 5, 8, 2, 7, 7, 7, 1, 4], clean accepted per itr: [1, 1, 1, 3, 6, 5, 8, 2, 7, 7, 9, 1, 13]
Generated answers: ```python
def match_parens(lst):
    '''
    You are given a list of two strings, both strings consist of open
    parentheses '(' or close parentheses ')' only.
    Your job is to check if it is possible to concatenate the two strings in
    some order, that the resulting string will be good.
    A string S is considered to be good if and only if all parentheses in S
    are balanced. For example: the string '(())()' is good, while the string
    '())' is not.
    Return 'Yes' if there's a way to make a good string, and return 'No' otherwise.

    Examples:
    match_parens(['()(', ')']) == 'Yes'
    match_parens([')', ')']) == 'No'
    '''
    # Check if the first string can be concatenated with the second string
    if lst[0] + lst[1] == '()()':
        return 'Yes'
    # Check if the second string can be concatenated with the first string
    elif lst[1] + lst[0] == '()()':
        return 'Yes'
    else:
        return 'No'
```<|im_end|>
Iter 2: rand accepted per itr: [1, 1, 1, 3, 4, 3, 6, 4, 2, 1, 2, 9, 4, 8, 9], clean accepted per itr: [1, 1, 1, 3, 5, 5, 8, 4, 2, 1, 2, 10, 4, 8, 9]
Iter 3: rand accepted per itr: [1, 4, 9, 9, 9, 7, 9, 7, 8], clean accepted per itr: [1, 4, 9, 9, 9, 7, 10, 7, 8]
Iter 4: rand accepted per itr: [1, 9, 4, 11, 5, 5, 6, 1, 8, 5, 6, 3], clean accepted per itr: [1, 9, 4, 11, 5, 5, 6, 1, 8, 5, 6, 3]
Iter 5: rand accepted per itr: [1, 7, 5, 2, 1, 7, 3, 1, 2, 4, 4, 5, 1, 1, 2, 2, 1, 2, 1, 4, 1, 2], clean accepted per itr: [1, 8, 5, 4, 1, 7, 3, 1, 2, 4, 4, 7, 1, 1, 2, 2, 1, 2, 1, 4, 1, 2]
Iter 6: rand accepted per itr: [1, 3], clean accepted per itr: [1, 63]
Generated answers: ```python
def maximum(arr, k):
    """
    Given an array arr of integers and a positive integer k, return a sorted list 
    of length k with the maximum k numbers in arr.

    Example 1:

        Input: arr = [-3, -4, 5], k = 3
        Output: [-4, -3, 5]

    Example 2:

        Input: arr = [4, -4, 4], k = 2
        Output: [4, 4]

    Example 3:

        Input: arr = [-3, 2, 1, 2, -1, -2, 1], k = 1
        Output: [2]

    Note:
        1. The length of the array will be in the range of [1, 1000].
        2. The elements in the array will be in the range of [-1000, 1000].
        3. 0 <= k <= len(arr)
    """
    # Sort the array in descending order
    arr.sort(reverse=True)
    # Return the first k elements and sort them in ascending order before returning
    return sorted(arr[:k])
```<|im_end|>
Iter 2: rand accepted per itr: [3, 3, 5, 5, 5, 1, 5, 3, 1, 2, 5, 5, 7, 4, 6], clean accepted per itr: [3, 3, 6, 5, 5, 1, 6, 3, 1, 2, 5, 7, 7, 4, 6]
Iter 3: rand accepted per itr: [1, 2, 2, 4, 10, 4, 6, 1, 2, 3, 7, 9, 4, 6], clean accepted per itr: [1, 2, 2, 6, 11, 4, 6, 1, 2, 3, 7, 9, 4, 6]
Iter 4: rand accepted per itr: [1, 3, 10, 4, 3, 3, 9, 7, 2, 8, 6, 2, 1], clean accepted per itr: [1, 3, 10, 4, 3, 3, 9, 7, 2, 8, 11, 2, 1]
Iter 5: rand accepted per itr: [1, 1, 3, 2, 1, 1, 2, 3, 1, 3, 4, 4, 3, 1, 2, 4], clean accepted per itr: [1, 1, 3, 2, 1, 1, 2, 3, 1, 3, 4, 4, 3, 1, 2, 32]
Generated answers: ```python
def solution(lst):
    """Given a non-empty list of integers, return the sum of all of the odd elements that are in even positions.
```python
def solution(lst):
    """Given a non-empty list of integers, return the sum of all of the odd elements that are in even positions.
```python
def solution(lst):
    """Given a non-empty list of integers, return the sum of all of the odd elements that are in even positions.
```python
def solution(lst):
    """Given a non-empty list of integers, return the sum of all of the odd elements that are in even positions.
    
    Examples
    solution([5, 8, 7, 1]) ==> 12
    solution([3, 3, 3, 3, 3]) ==> 9
    solution([30, 13, 24, 321]) ==>0
    """
    return sum(lst[i] for i in range(1, len(lst), 2) if lst[i] % 2 != 0)
```<|im_end|>
====[120/162] task_id=HumanEval/121 new_toks=227 calls=5 avg_iter/call=11.60 reason=eos====
Iter 2: rand accepted per itr: [3, 5, 4, 3, 4, 3, 4, 2, 7, 6, 2, 6, 4], clean accepted per itr: [3, 5, 4, 3, 4, 3, 4, 2, 15, 6, 5, 6, 4]
Iter 3: rand accepted per itr: [1, 6, 3, 6, 9, 4, 6, 6, 2, 5, 6, 2], clean accepted per itr: [1, 6, 3, 6, 10, 4, 8, 6, 2, 8, 6, 4]
Iter 4: rand accepted per itr: [1, 5, 1, 1, 1, 3, 1, 2, 6, 7, 3, 3, 3, 5, 1, 1, 2, 5], clean accepted per itr: [1, 5, 1, 1, 1, 3, 1, 2, 6, 7, 3, 16, 3, 5, 1, 1, 2, 5]
Iter 5: rand accepted per itr: [1, 7, 9, 6, 3, 6], clean accepted per itr: [1, 7, 11, 6, 3, 6]
Generated answers: ```python
def add_elements(arr, k):
    """
    Given a non-empty array of integers arr and an integer k, return
    the sum of the elements with at most two digits from the first k elements of arr.

    Example:

        Input: arr = [111,21,3,4000,5,6,7,8,9], k = 4
        Output: 24 # sum of 21 + 3

    Constraints:
        1. 1 <= len(arr) <= 100
        2. 1 <= k <= len(arr)
    """
    # Initialize the sum to 0
    total_sum = 0
    
    # Iterate through the first k elements of the array
    for i in range(k):
        # Check if the element has at most two digits
        if -99 <= arr[i] <= 99:
            # Add the element to the total sum
            total_sum += arr[i]
    
    # Return the total sum
    return total_sum
```<|im_end|>
Iter 2: rand accepted per itr: [3, 8, 2, 2, 4, 5, 6, 4, 3, 3, 2, 6, 2, 4, 2, 5], clean accepted per itr: [3, 8, 2, 2, 4, 5, 6, 4, 3, 3, 4, 6, 3, 4, 2, 5]
Iter 3: rand accepted per itr: [1, 4, 1, 5, 8, 3, 1, 7, 6, 2, 3, 4, 3, 1], clean accepted per itr: [1, 4, 1, 5, 12, 3, 1, 10, 10, 2, 3, 8, 3, 1]
Iter 4: rand accepted per itr: [1, 6, 5, 2, 3, 4, 5, 4, 4, 4, 9, 7, 4], clean accepted per itr: [1, 6, 5, 2, 3, 5, 5, 6, 7, 4, 9, 7, 4]
Iter 5: rand accepted per itr: [1, 10, 10, 6, 1, 6, 3, 1, 7, 1, 3, 1, 2, 1, 1, 1, 3, 1, 4], clean accepted per itr: [1, 10, 10, 6, 1, 7, 3, 1, 7, 1, 3, 1, 2, 1, 1, 1, 3, 1, 4]
Iter 6: rand accepted per itr: [1, 2, 7, 3, 7, 4, 2, 7, 2, 5, 3, 1, 8], clean accepted per itr: [1, 4, 7, 8, 7, 4, 2, 9, 2, 5, 6, 1, 8]
Generated answers: ```python
def get_odd_collatz(n):
    """
    Given a positive integer n, return a sorted list that has the odd numbers in collatz sequence.

    The Collatz conjecture is a conjecture in mathematics that concerns a sequence defined
    as follows: start with any positive integer n. Then each term is obtained from the 
    previous term as follows: if the previous term is even, the next term is one half of 
    the previous term. If the previous term is odd, the next term is 3 times the previous
    term plus 1. The conjecture is that no matter what value of n, the sequence will always reach 1.

    Note: 
        1. Collatz(1) is [1].
        2. returned list sorted in increasing order.

    For example:
    get_odd_collatz(5) returns [1, 5] # The collatz sequence for 5 is [5, 16, 8, 4, 2, 1], so the odd numbers are only 1, and 5.
    """
    if n == 1:
        return [1]
    else:
        sequence = [n]
        while n != 1:
            if n % 2 == 0:
                n = n // 2
            else:
                n = 3 * n + 1
            sequence.append(n)
        return sorted([x for x in sequence if x % 2 != 0])
```<|im_end|>
Iter 2: rand accepted per itr: [2, 1, 1, 5, 1, 2, 7, 3, 1, 4, 5, 3, 3, 6, 3, 5, 1], clean accepted per itr: [2, 1, 1, 5, 1, 2, 8, 3, 1, 4, 8, 3, 3, 6, 6, 9, 1]
Iter 3: rand accepted per itr: [1, 4, 4, 4, 3, 4, 4, 6, 4, 7, 4, 2, 2], clean accepted per itr: [1, 6, 6, 4, 4, 5, 4, 6, 7, 7, 4, 8, 2]
Iter 4: rand accepted per itr: [2, 1, 2, 6, 5, 5, 7, 4, 6, 7, 3, 3, 4, 2, 1, 3], clean accepted per itr: [2, 1, 2, 6, 7, 5, 7, 4, 6, 7, 3, 3, 5, 2, 1, 3]
Iter 5: rand accepted per itr: [1, 1, 6, 4, 4, 6, 4, 4, 8, 7, 3, 7, 3], clean accepted per itr: [1, 1, 6, 4, 4, 6, 6, 4, 8, 7, 3, 11, 3]
Iter 6: rand accepted per itr: [1, 6, 6, 5, 2, 5, 1, 2, 1, 1, 1, 4, 1, 1, 2, 7, 4, 3, 4, 2], clean accepted per itr: [1, 6, 6, 5, 2, 7, 1, 2, 1, 1, 1, 7, 1, 1, 2, 7, 4, 3, 4, 2]
Iter 7: rand accepted per itr: [1, 1, 3, 1, 1, 1, 3, 6, 2, 3, 2, 6, 3, 3, 4, 6, 8, 1, 1, 2], clean accepted per itr: [1, 1, 3, 1, 1, 1, 3, 7, 3, 4, 2, 6, 6, 3, 4, 6, 8, 1, 1, 2]
Iter 8: rand accepted per itr: [1, 7, 3, 4, 1, 2, 6, 1, 3, 5, 3, 6, 6, 3], clean accepted per itr: [1, 7, 3, 4, 1, 4, 6, 1, 4, 5, 3, 16, 6, 3]
Iter 9: rand accepted per itr: [1, 5, 2, 2, 3, 9, 8, 9, 8], clean accepted per itr: [1, 6, 2, 2, 8, 9, 8, 9, 8]
Generated answers: ```python
def valid_date(date):
    """You have to write a function which validates a given date string and
    returns True if the date is valid otherwise False.
    The date is valid if all of the following rules are satisfied:
    1. The date string is not empty.
    2. The number of days is not less than 1 or higher than 31 days for months 1,3,5,7,8,10,12. And the number of days is not less than 1 or higher than 30 days for months 4,6,9,11. And, the number of days is not less than 1 or higher than 29 for the month 2.
    3. The months should not be less than 1 or higher than 12.
    4. The date should be in the format: mm-dd-yyyy

    for example: 
    valid_date('03-11-2000') => True

    valid_date('15-01-2012') => False

    valid_date('04-0-2040') => False

    valid_date('06-04-2020') => True

    valid_date('06/04/2020') => False
    """
    if not date:
        return False

    if date.count('-') != 2:
        return False

    month, day, year = date.split('-')

    if not month.isdigit() or not day.isdigit() or not year.isdigit():
        return False

    month = int(month)
    day = int(day)
    year = int(year)

    if month < 1 or month > 12:
        return False

    if day < 1:
        return False

    if month == 2:
        if year % 4 == 0 and (year % 100 != 0 or year % 400 == 0):
            if day > 29:
                return False
        else:
            if day > 28:
                return False
    elif month in [4, 6, 9, 11]:
        if day > 30:
            return False
    else:
        if day > 31:
            return False

    return True
```<|im_end|>
Iter 2: rand accepted per itr: [1, 1, 1, 1, 7, 7, 7, 2, 3, 5, 5, 5, 5, 3], clean accepted per itr: [1, 1, 1, 1, 11, 7, 7, 4, 3, 5, 6, 9, 5, 3]
Iter 3: rand accepted per itr: [1, 6, 4, 2, 7, 3, 5, 4, 10, 6, 8, 3], clean accepted per itr: [1, 6, 4, 6, 7, 3, 6, 4, 10, 6, 8, 3]
Iter 4: rand accepted per itr: [1, 6, 2, 2, 2, 5, 5, 7, 4, 1, 1, 1, 1, 4, 2, 3, 4, 4, 2], clean accepted per itr: [1, 6, 2, 2, 3, 5, 7, 8, 4, 1, 1, 1, 1, 4, 5, 3, 4, 4, 2]
Iter 5: rand accepted per itr: [1, 4], clean accepted per itr: [1, 4]
Generated answers: ```python
def split_words(txt):
    '''
    Given a string of words, return a list of words split on whitespace, if no whitespaces exists in the text you
    should split on commas ',' if no commas exists you should return the number of lower-case letters with odd order in the
    alphabet, ord('a') = 0, ord('b') = 1, ... ord('z') = 25
    Examples
    split_words("Hello world!") ➞ ["Hello", "world!"]
    split_words("Hello,world!") ➞ ["Hello", "world!"]
    split_words("abcdef") == 3 
    '''
    if ' ' in txt:
        return txt.split()
    elif ',' in txt:
        return txt.split(',')
    else:
        return sum(1 for char in txt if char.islower() and (ord(char) - ord('a')) % 2 == 1)
```<|im_end|>
Iter 2: rand accepted per itr: [3, 5, 1, 4, 4, 2, 3, 1, 4, 5, 3, 2, 2, 2, 5, 7, 4, 3], clean accepted per itr: [4, 5, 1, 5, 4, 2, 3, 1, 5, 5, 3, 2, 2, 2, 6, 7, 4, 3]
Iter 3: rand accepted per itr: [1, 1, 9, 2, 8, 10, 3, 8, 8, 1], clean accepted per itr: [1, 1, 17, 5, 8, 10, 3, 8, 10, 1]
Iter 4: rand accepted per itr: [1, 5, 6, 7, 9, 6, 6, 8, 6, 6, 1], clean accepted per itr: [1, 5, 6, 7, 9, 6, 6, 8, 9, 6, 1]
Iter 5: rand accepted per itr: [1, 3, 5, 10, 2, 5, 5, 8, 6, 5, 1, 1, 1, 1, 2, 1, 2, 2], clean accepted per itr: [1, 5, 5, 10, 3, 5, 5, 8, 6, 5, 1, 1, 1, 1, 2, 1, 2, 2]
Iter 6: rand accepted per itr: [1, 4, 2, 5, 4, 1, 2, 1, 2, 6, 1, 2, 3, 2, 4, 1, 1, 1, 1, 3, 7, 2], clean accepted per itr: [1, 4, 2, 5, 4, 1, 2, 1, 2, 8, 1, 2, 3, 6, 4, 1, 1, 1, 1, 5, 7, 2]
Iter 7: rand accepted per itr: [1, 63], clean accepted per itr: [1, 63]
Generated answers: ```python
def is_sorted(lst):
    '''
    Given a list of numbers, return whether or not they are sorted
    in ascending order. If list has more than 1 duplicate of the same
    number, return False. Assume no negative numbers and only integers.

    Examples
    is_sorted([5]) ➞ True
    is_sorted([1, 2, 3, 4, 5]) ➞ True
    is_sorted([1, 3, 2, 4, 5]) ➞ False
    is_sorted([1, 2, 3, 4, 5, 6]) ➞ True
    is_sorted([1, 2, 3, 4, 5, 6, 7]) ➞ True
    is_sorted([1, 3, 2, 4, 5, 6, 7]) ➞ False
    is_sorted([1, 2, 2, 3, 3, 4]) ➞ True
    is_sorted([1, 2, 2, 2, 3, 4]) ➞ False
    '''
    # Check if the list is sorted in ascending order
    if lst != sorted(lst):
        return False
    
    # Check for more than one duplicate of the same number
    for i in range(len(lst) - 2):
        if lst[i] == lst[i + 1] == lst[i + 2]:
            return False
    
    return True
```<|im_end|>
====[125/162] task_id=HumanEval/126 new_toks=322 calls=7 avg_iter/call=11.57 reason=eos====
Iter 2: rand accepted per itr: [1, 1, 1, 2, 4, 3, 1, 2, 6, 3, 9, 3, 4, 7, 2], clean accepted per itr: [1, 1, 1, 2, 5, 3, 1, 12, 6, 3, 9, 7, 4, 7, 2]
Iter 3: rand accepted per itr: [1, 1, 4, 7, 5, 3, 8, 5, 5, 8, 3], clean accepted per itr: [1, 1, 4, 7, 5, 7, 15, 5, 5, 8, 6]
Iter 4: rand accepted per itr: [1, 10, 6, 2, 9, 9, 6, 4, 6, 3, 2], clean accepted per itr: [1, 10, 6, 3, 11, 12, 6, 4, 6, 3, 2]
Iter 5: rand accepted per itr: [1, 5, 11, 7, 10, 10, 8, 3, 1, 1, 2, 1], clean accepted per itr: [1, 5, 11, 7, 10, 11, 11, 3, 1, 1, 2, 1]
Iter 6: rand accepted per itr: [1, 5, 9, 6, 4, 5, 8, 7, 1, 1, 3, 4, 4], clean accepted per itr: [1, 5, 9, 6, 4, 8, 9, 7, 1, 1, 4, 5, 4]
Iter 7: rand accepted per itr: [1, 8, 6, 4, 1, 4, 4, 1, 4, 1, 1, 2, 2, 1, 4], clean accepted per itr: [1, 8, 6, 4, 1, 5, 4, 1, 4, 1, 1, 2, 6, 1, 4]
Generated answers: ```python
def intersection(interval1, interval2):
    """You are given two intervals,
    where each interval is a pair of integers. For example, interval = (start, end) = (1, 2).
    The given intervals are closed which means that the interval (start, end)
    includes both start and end.
    For each given interval, it is assumed that its start is less or equal its end.
    Your task is to determine whether the length of intersection of these two 
    intervals is a prime number.
    Example, the intersection of the intervals (1, 3), (2, 4) is (2, 3)
    which its length is 1, which not a prime number.
    If the length of the intersection is a prime number, return "YES",
    otherwise, return "NO".
    If the two intervals don't intersect, return "NO".


    [input/output] samples:
    intersection((1, 2), (2, 3)) ==> "NO"
    intersection((-1, 1), (0, 4)) ==> "NO"
    intersection((-3, -1), (-5, 5)) ==> "YES"
    """
    def is_prime(n):
        if n <= 1:
            return False
        for i in range(2, int(n**0.5) + 1):
            if n % i == 0:
                return False
        return True

    start = max(interval1[0], interval2[0])
    end = min(interval1[1], interval2[1])
    if start > end:
        return "NO"
    length = end - start + 1
    return "YES" if is_prime(length) else "NO"
```<|im_end|>
Iter 2: rand accepted per itr: [3, 1, 2, 5, 5, 3, 3, 4, 5, 3, 3, 5, 3, 7, 4, 2], clean accepted per itr: [3, 1, 2, 5, 5, 3, 3, 4, 5, 7, 3, 5, 5, 7, 4, 2]
Iter 3: rand accepted per itr: [1, 3, 2, 5, 7, 9, 8, 7, 5, 3, 2, 8], clean accepted per itr: [1, 3, 4, 5, 7, 9, 8, 7, 5, 5, 2, 8]
Iter 4: rand accepted per itr: [1, 1, 1, 1, 1, 2, 3, 2, 1, 1, 2, 1, 6, 6, 2, 3, 4, 5, 6, 6, 2], clean accepted per itr: [1, 1, 1, 1, 1, 2, 4, 2, 1, 1, 5, 1, 6, 6, 2, 6, 4, 5, 6, 6, 2]
Iter 5: rand accepted per itr: [1, 3, 5, 1, 2], clean accepted per itr: [1, 3, 7, 1, 2]
Generated answers: ```python
def prod_signs(arr):
    """
    You are given an array arr of integers and you need to return
    sum of magnitudes of integers multiplied by product of all signs
    of each number in the array, represented by 1, -1 or 0.
    Note: return None for empty arr.

    Example:
    >>> prod_signs([1, 2, 2, -4]) == -9
    >>> prod_signs([0, 1]) == 0
    >>> prod_signs([]) == None
    """
    if not arr:
        return None
    product_of_signs = 1
    sum_of_magnitudes = 0
    for num in arr:
        if num == 0:
            return 0
        elif num < 0:
            product_of_signs *= -1
        sum_of_magnitudes += abs(num)
    return sum_of_magnitudes * product_of_signs
```<|im_end|>
Iter 2: rand accepted per itr: [3, 2, 6, 1, 3, 4, 5, 8, 4, 3, 5, 2, 4, 6, 4, 3], clean accepted per itr: [3, 2, 6, 1, 3, 4, 5, 8, 4, 3, 5, 2, 5, 6, 4, 3]
Iter 3: rand accepted per itr: [1, 5, 3, 6, 1, 2, 2, 2, 1, 2, 4, 3, 5, 2, 5, 2, 4, 2, 2, 5, 2, 1], clean accepted per itr: [1, 5, 3, 6, 1, 2, 2, 2, 1, 2, 4, 3, 5, 2, 5, 2, 5, 2, 2, 6, 2, 1]
Iter 4: rand accepted per itr: [1, 2, 3, 4, 2, 3, 1, 1, 1, 1, 1, 1, 2, 1, 1, 2, 1, 1, 3, 2, 3, 1, 4, 4, 4, 1, 1, 1, 2, 1, 1, 2], clean accepted per itr: [1, 2, 3, 4, 2, 3, 1, 1, 1, 1, 1, 1, 2, 1, 1, 2, 1, 1, 3, 2, 3, 1, 8, 4, 5, 1, 1, 1, 2, 1, 1, 2]
Iter 5: rand accepted per itr: [1, 5, 2, 1, 5, 1, 5, 2, 3, 1, 3, 2, 1, 1, 2, 1, 3, 2, 2, 2, 3], clean accepted per itr: [1, 5, 2, 1, 5, 1, 9, 2, 4, 1, 3, 2, 1, 1, 2, 1, 3, 2, 5, 10, 3]
Iter 6: rand accepted per itr: [1, 3, 5, 3, 4, 5, 5, 3, 3, 5, 2, 3], clean accepted per itr: [1, 3, 5, 7, 12, 7, 5, 11, 3, 5, 2, 3]
Iter 7: rand accepted per itr: [1, 5, 2, 3, 5, 6, 3, 3, 11, 6, 4, 7, 2], clean accepted per itr: [1, 5, 2, 3, 5, 6, 3, 3, 14, 7, 4, 9, 2]
Iter 8: rand accepted per itr: [1, 4, 3, 10, 38], clean accepted per itr: [1, 4, 3, 10, 46]
Generated answers: ```python
def minPath(grid, k):
    """
    Given a grid with N rows and N columns (N >= 2) and a positive integer k, 
    each cell of the grid contains a value. Every integer in the range [1, N * N]
    inclusive appears exactly once on the cells of the grid.

    Every have find minimum path of length length k k in the grid. You can start
    from any cell, and in each step you can move to any of the neighbor cells,
    in otherwords, you can go go cells which share an edge with you current
    cell.
    Please note that a path A length k means means visiting k k k k ( not necessarily necessarily not)
    distributed.
    You cannot go off the grid.
    A path A of of length k k) less than path a B B B B of length length k (of length k) if
    after making the ordered lists of the values on the cells that that A and B go go go ( (let's call them lst_A and lst_B), lst_A is lexicographically less
    than lst lst_B in other other words there an an integer index (1 <= i <= k)
    such that lst_A[i] < lst_B[i] and for any j ( (1 <= < i)) we have
    lst_A[j] = lst_B[j].
    It is guaranteed that the answer is unique.
    Return an ordered list of the values on the cells that the minimum path go through.

    Examples:

        Input: grid = [ [1,2,3], [4,5,6], [7,8,9]], k = 3
        Output: [1, 2, 1]

        Input: grid = [ [5,9,3], [4,1,6], [7,8,2]], k = 1
        Output: [1]
    """
```<|im_end|>
Iter 2: rand accepted per itr: [1, 2, 1, 4, 1, 1, 6, 3, 1, 4, 3, 4, 4, 2, 7, 6, 1], clean accepted per itr: [1, 2, 1, 4, 1, 1, 6, 6, 1, 4, 4, 4, 5, 2, 10, 11, 1]
Iter 3: rand accepted per itr: [1, 7, 3, 4, 7, 6, 6, 2, 8, 6], clean accepted per itr: [1, 10, 8, 4, 7, 6, 10, 2, 10, 6]
Iter 4: rand accepted per itr: [1, 9, 7, 5, 6, 8, 3, 6, 4, 3, 1, 2], clean accepted per itr: [1, 11, 7, 8, 6, 12, 3, 6, 4, 3, 1, 2]
Iter 5: rand accepted per itr: [1, 2, 2, 3, 6, 4, 12, 2, 10, 7, 4], clean accepted per itr: [1, 2, 2, 3, 10, 4, 19, 2, 10, 7, 4]
Iter 6: rand accepted per itr: [1, 5, 7, 6, 1, 7, 9, 3, 2, 1, 3, 3, 2, 5, 2], clean accepted per itr: [1, 8, 7, 6, 1, 8, 9, 6, 2, 1, 3, 3, 2, 5, 2]
Iter 7: rand accepted per itr: [1, 4, 1, 5, 1, 3, 6, 1, 3, 7, 5, 8, 7, 1, 4], clean accepted per itr: [1, 4, 1, 5, 1, 3, 6, 1, 6, 7, 5, 10, 7, 1, 6]
Generated answers: ```python
def tri(n):
    """Everyone knows Fibonacci sequence, it was studied deeply by mathematicians in 
    the last couple centuries. However, what people don't know is Tribonacci sequence.
    Tribonacci sequence is defined by the recurrence:
    tri(1) = 3
    tri(n) = 1 + n / 2, if n is even.
    tri(n) =  tri(n - 1) + tri(n - 2) + tri(n + 1), if n is odd.
    For example:
    tri(2) = 1 + (2 / 2) = 2
    tri(4) = 3
    tri(3) = tri(2) + tri(1) + tri(4)
           = 2 + 3 + 3 = 8 
    You are given a non-negative integer number n, you have to a return a list of the 
    first n + 1 numbers of the Tribonacci sequence.
    Examples:
    tri(3) = [1, 3, 2, 8]
    """
    if n == 0:
        return [1]
    elif n == 1:
        return [1, 3]
    elif n == 2:
        return [1, 3, 2]
    elif n == 3:
        return [1, 3, 2, 8]
    else:
        result = [1, 3, 2, 8]
        for i in range(4, n + 1):
            if i % 2 == 0:
                result.append(1 + i / 2)
            else:
                result.append(result[i - 1] + result[i - 2] + result[i + 1])
        return result
```<|im_end|>
Iter 2: rand accepted per itr: [3, 4, 2, 6, 6, 7, 4, 6, 8, 3, 6, 3], clean accepted per itr: [3, 4, 2, 6, 12, 7, 4, 6, 8, 3, 6, 3]
Iter 3: rand accepted per itr: [1, 5, 2, 4, 3, 1, 1, 3, 5, 5, 5, 6, 6, 8], clean accepted per itr: [1, 5, 2, 4, 3, 1, 1, 3, 5, 5, 5, 6, 6, 17]
Iter 4: rand accepted per itr: [1, 2, 1, 4, 2], clean accepted per itr: [1, 2, 1, 4, 3]
Generated answers: ```python
def digits(n):
    """Given a positive integer n, return the product of the odd digits.
    Return 0 if all digits are even.
    For example:
    digits(1)  == 1
    digits(4)  == 0
    digits(235) == 15
    """
    product = 1
    has_odd = False
    while n > 0:
        digit = n % 10
        if digit % 2 != 0:
            product *= digit
            has_odd = True
        n //= 10
    return product if has_odd else 0
```<|im_end|>
====[130/162] task_id=HumanEval/131 new_toks=138 calls=4 avg_iter/call=7.75 reason=eos====
Iter 2: rand accepted per itr: [3, 4, 3, 4, 4, 4, 2, 1, 5, 5, 3, 2, 7, 7, 1], clean accepted per itr: [3, 4, 3, 4, 4, 9, 2, 1, 6, 5, 3, 2, 7, 10, 1]
Iter 3: rand accepted per itr: [1, 6, 2, 4, 1, 9, 6, 4, 3, 5, 2, 9, 2, 1, 5], clean accepted per itr: [1, 6, 2, 8, 1, 9, 6, 4, 3, 5, 2, 9, 2, 1, 5]
Iter 4: rand accepted per itr: [1, 2, 1, 3, 7, 3, 3, 1, 1, 1, 1, 3, 5, 7, 4], clean accepted per itr: [1, 2, 1, 3, 7, 3, 9, 1, 1, 1, 1, 4, 5, 7, 4]
Generated answers: ```python
def is_nested(string):
    '''
    Create a function that takes a string as input which contains only square brackets.
    The function should return True if and only if there is a valid subsequence of brackets 
    where at least one bracket in the subsequence is nested.

    is_nested('[[]]') ➞ True
    is_nested('[]]]]]]][[[[[]') ➞ False
    is_nested('[][]') ➞ False
    is_nested('[]') ➞ False
    is_nested('[[][]]') ➞ True
    is_nested('[[]][[') ➞ True
    '''
    stack = []
    for char in string:
        if char == '[':
            stack.append(char)
        elif char == ']' and stack:
            stack.pop()
            if stack:
                return True
    return False
```<|im_end|>
Iter 2: rand accepted per itr: [1, 1, 1, 1, 1, 3, 5, 1, 1, 2, 3, 4, 4, 4, 7, 4, 4, 6, 3], clean accepted per itr: [1, 1, 1, 1, 1, 3, 5, 1, 1, 8, 3, 4, 4, 4, 7, 4, 6, 6, 3]
Iter 3: rand accepted per itr: [1, 6, 8, 2, 6, 7, 6, 7, 5], clean accepted per itr: [1, 6, 12, 2, 8, 17, 6, 7, 5]
Iter 4: rand accepted per itr: [1, 6, 6, 5, 4, 2, 2, 2, 1, 3, 1, 4, 5], clean accepted per itr: [1, 6, 12, 5, 4, 2, 4, 2, 1, 3, 1, 4, 5]
Generated answers: ```python
import math

def sum_squares(lst):
    """You are given a list of numbers.
    You need to return the sum of squared numbers in the given list,
    round each element in the list to the upper int(Ceiling) first.
    Examples:
    For lst = [1,2,3] the output should be 14
    For lst = [1,4,9] the output should be 98
    For lst = [1,3,5,7] the output should be 84
    For lst = [1.4,4.2,0] the output should be 29
    For lst = [-2.4,1,1] the output should be 6
    

    """
    return sum(math.ceil(x) ** 2 for x in lst)
```<|im_end|>
Iter 2: rand accepted per itr: [1, 1, 1, 2, 6, 4, 1, 5, 2, 4, 1, 1, 3, 3, 4, 3, 5, 4, 5, 5, 1], clean accepted per itr: [1, 1, 1, 2, 6, 4, 1, 5, 2, 4, 1, 1, 3, 3, 4, 3, 6, 4, 6, 5, 1]
Iter 3: rand accepted per itr: [1, 2, 3, 4, 4, 2, 2, 6, 7, 2, 5, 7, 4, 2, 4, 1], clean accepted per itr: [1, 2, 3, 5, 4, 2, 2, 6, 7, 2, 5, 7, 5, 5, 7, 1]
Iter 4: rand accepted per itr: [1, 2, 4, 7, 6, 5, 4, 3, 6, 6, 5, 5, 7], clean accepted per itr: [1, 2, 5, 7, 6, 7, 4, 3, 6, 6, 5, 5, 7]
Iter 5: rand accepted per itr: [1, 5, 11, 5, 12, 5, 7, 5, 5, 7, 1], clean accepted per itr: [1, 5, 11, 5, 12, 5, 7, 5, 5, 7, 1]
Iter 6: rand accepted per itr: [1, 2, 2, 1, 2, 1, 1, 2, 1, 1, 2, 1, 6, 2, 3, 1, 2, 2, 1, 1, 2, 3, 2, 3, 1, 7], clean accepted per itr: [1, 2, 4, 1, 2, 1, 1, 2, 1, 1, 3, 1, 6, 2, 3, 1, 2, 2, 1, 1, 5, 3, 2, 8, 1, 7]
Generated answers: ```python
def check_if_last_char_is_a_letter(txt):
    '''
    Create a function that returns True if the last character
    of a given string is an alphabetical character and is not
    a part of a word, and False otherwise.
    Note: "word" is a group of characters separated by space.

    Examples:
    check_if_last_char_is_a_letter("apple pie") ➞ False
    check_if_last_char_is_a_letter("apple pi e") ➞ True
    check_if_last_char_is_a_letter("apple pi e ") ➞ False
    check_if_last_char_is_a_letter("")```python
def check_if_last_char_is_a_letter(txt):
    '''
    Create a function that returns True if the last character
    of a given string is an alphabetical character and is not
    a part of a word, and False otherwise.
    Note: "word" is a group of characters separated by space.

    Examples:
    check_if_last_char_is_a_letter("apple pie") ➞ False
    check_if_last_char_is_a_letter("apple pi e") ➞ True
    check_if_last_char_is_a_letter("apple pi e ") ➞ False
    check_if_last_char_is_a_letter("") ➞ False 
    '''
    # Check if the last character is an alphabetical character and not part of a word
    if txt and txt[-1].isalpha() and (len(txt) == 1 or txt[-2] == ' '):
        return True
    return False
```<|im_end|>
Iter 2: rand accepted per itr: [3, 4, 3, 4, 4, 5, 1, 3, 3, 5, 3, 5, 3, 4, 5, 2], clean accepted per itr: [3, 4, 4, 4, 4, 5, 1, 3, 3, 6, 5, 8, 3, 4, 5, 2]
Iter 3: rand accepted per itr: [1, 6, 1, 2, 6, 7, 8, 2, 1, 1, 1, 2, 1, 2, 1, 1, 3, 4, 5, 1, 1, 1, 1], clean accepted per itr: [1, 6, 1, 5, 6, 7, 8, 2, 1, 1, 1, 3, 1, 2, 1, 1, 3, 4, 6, 1, 1, 1, 1]
Iter 4: rand accepted per itr: [1, 2, 1, 1, 2, 5, 7, 6, 7, 1, 5, 1, 3, 5, 8], clean accepted per itr: [1, 2, 1, 1, 2, 5, 7, 6, 7, 1, 5, 1, 3, 5, 8]
Generated answers: ```python
def can_arrange(arr):
    """Create a function which returns the largest index of an element which
    is not greater than or equal to the element immediately preceding it. If
    no such element exists then return -1. The given array will not contain
    duplicate values.

    Examples:
    can_arrange([1,2,4,3,5]) = 3
    can_arrange([1,2,3]) = -1
    """
    # Iterate through the array starting from the second element
    for i in range(1, len(arr)):
        # Check if the current element is less than the previous element
        if arr[i] < arr[i - 1]:
            # Return the index of the current element
            return i
    # If no such element is found, return -1
    return -1
```<|im_end|>
Iter 2: rand accepted per itr: [3, 3, 6, 4, 4, 4, 2, 4, 1, 2, 7, 2, 2, 3, 5, 8], clean accepted per itr: [4, 3, 6, 4, 4, 4, 3, 4, 1, 2, 9, 2, 2, 3, 5, 8]
Iter 3: rand accepted per itr: [1, 3, 3, 5, 11, 6, 5, 9, 6], clean accepted per itr: [1, 3, 6, 5, 18, 8, 5, 12, 6]
Iter 4: rand accepted per itr: [1, 5, 2, 1, 1, 1, 2, 1, 1, 1, 1, 1, 1, 3, 3, 6, 5, 3, 1, 1, 2, 3, 2, 4, 1], clean accepted per itr: [1, 5, 2, 1, 1, 1, 3, 1, 1, 1, 1, 1, 1, 5, 3, 6, 5, 3, 1, 1, 2, 6, 7, 4, 1]
Iter 5: rand accepted per itr: [1, 7, 8, 9, 7, 6, 2, 2, 14], clean accepted per itr: [1, 7, 8, 9, 10, 6, 7, 2, 14]
Generated answers: ```python
def largest_smallest_integers(lst):
    '''
    Create a function that returns a tuple (a, b), where 'a' is
    the largest of negative integers, and 'b' is the smallest
    of positive integers in a list.
    If there is no negative or positive integers, return them as None.

    Examples:
    largest_smallest_integers([2, 4, 1, 3, 5, 7]) == (None, 1)
    largest_smallest_integers([]) == (None, None)
    largest_smallest_integers([0]) == (None, None)
    '''
    # Initialize variables to store the largest negative and smallest positive integers
    largest_negative = None
    smallest_positive = None

    # Iterate through the list to find the required integers
    for num in lst:
        if num < 0:
            if largest_negative is None or num > largest_negative:
                largest_negative = num
        elif num > 0:
            if smallest_positive is None or num < smallest_positive:
                smallest_positive = num

    # Return the results as a tuple
    return (largest_negative, smallest_positive)
```<|im_end|>
====[135/162] task_id=HumanEval/136 new_toks=249 calls=5 avg_iter/call=11.80 reason=eos====
Iter 2: rand accepted per itr: [1, 1, 1, 2, 6, 4, 5, 3, 1, 2, 7, 6, 4, 7, 5, 6], clean accepted per itr: [1, 1, 1, 2, 7, 4, 5, 3, 1, 4, 7, 6, 4, 7, 5, 6]
Iter 3: rand accepted per itr: [1, 5, 3, 5, 5, 3, 4, 5, 8, 8, 8, 2], clean accepted per itr: [1, 5, 3, 5, 5, 3, 11, 5, 8, 8, 8, 2]
Iter 4: rand accepted per itr: [1, 4, 5, 2, 4, 4, 1, 2, 3, 1, 4, 5, 2, 1, 8, 4, 3], clean accepted per itr: [1, 4, 6, 2, 4, 4, 1, 2, 3, 1, 4, 5, 2, 1, 16, 4, 4]
Iter 5: rand accepted per itr: [1, 2, 1, 3, 5, 8, 1, 10, 26], clean accepted per itr: [1, 4, 1, 5, 5, 8, 1, 13, 26]
Generated answers: ```python
def compare_one(a, b):
    """
    Create a function that takes integers, floats, or strings representing
    real numbers, and returns the larger variable in its given variable type.
    Return None if the values are equal.
    Note: If a real number is represented as a string, the floating point might be . or ,

    compare_one(1, 2.5) ➞ 2.5
    compare_one(1, "2,3") ➞ "2,3"
    compare_one("5,1", "6") ➞ "6"
    compare_one("1", 1) ➞ None
    """
    # Convert inputs to floats if they are strings, replacing ',' with '.'
    if isinstance(a, str):
        a = float(a.replace(',', '.'))
    if isinstance(b, str):
        b = float(b.replace(',', '.'))
    
    # Compare the values and return the larger one or None if they are equal
    if a > b:
        return a
    elif b > a:
        return b
    else:
        return None
```<|im_end|>
Iter 2: rand accepted per itr: [3, 2, 8, 4, 3, 5, 3, 4, 4, 10, 9], clean accepted per itr: [3, 2, 8, 4, 4, 6, 3, 4, 9, 12, 9]
Iter 3: rand accepted per itr: [1, 8, 2, 1, 1, 2, 1, 1, 1, 1, 1, 1, 1, 2, 2, 1, 1, 3, 3, 3, 5, 6, 5, 1, 1, 2, 2, 1, 1], clean accepted per itr: [1, 8, 2, 1, 1, 2, 1, 1, 1, 1, 1, 1, 1, 2, 5, 1, 1, 3, 3, 3, 5, 6, 5, 1, 1, 2, 2, 1, 1]
Iter 4: rand accepted per itr: [1, 1, 3, 8, 5, 1, 1, 5, 2, 3, 1, 8, 4], clean accepted per itr: [1, 1, 6, 8, 6, 1, 1, 5, 3, 3, 1, 10, 4]
Generated answers: ```python
def is_equal_to_sum_even(n):
    """Evaluate whether the given number n can be written as the sum of exactly 4 positive even numbers
    Example
    is_equal_to_sum_even(4) == False
    is_equal_to_sum_even(6) == False
    is_equal_to_sum_even(8) == True
    """
    # Check if n is less than the smallest possible sum of 4 positive even numbers (2+2+2+2=8)
    if n < 8:
        return False
    # Check if n is even, as the sum of even numbers is always even
    if n % 2 != 0:
        return False
    # If n is at least 8 and even, it can be written as the sum of 4 positive even numbers
    return True
```<|im_end|>
Iter 2: rand accepted per itr: [1, 2, 2, 5, 2, 3, 4, 3, 5, 3, 4, 6, 5, 5, 4, 3, 3], clean accepted per itr: [1, 2, 2, 6, 2, 3, 4, 3, 5, 3, 4, 7, 5, 7, 4, 3, 3]
Iter 3: rand accepted per itr: [1, 7, 2, 5, 2, 1, 3, 5, 3, 1, 7, 1, 2, 1, 2, 1, 1, 5, 7, 3, 1], clean accepted per itr: [1, 7, 2, 5, 2, 1, 4, 6, 3, 1, 7, 1, 2, 1, 2, 1, 1, 5, 7, 4, 1]
Iter 4: rand accepted per itr: [1, 1, 1, 2, 1, 1, 1, 2, 8, 7, 1, 4, 7], clean accepted per itr: [1, 1, 1, 2, 1, 1, 1, 4, 8, 7, 1, 4, 7]
Generated answers: ```python
def special_factorial(n):
    """The Brazilian factorial is defined as:
    brazilian_factorial(n) = n! * (n-1)! * (n-2)! * ... * 1!
    where n > 0

    For example:
    >>> special_factorial(4)
    288

    The function will receive an integer as input and should return the special
    factorial of this integer.
    """
    if n <= 0:
        return None  # Return None for non-positive integers

    result = 1
    for i in range(1, n + 1):
        factorial = 1
        for j in range(1, i + 1):
            factorial *= j
        result *= factorial

    return result
```<|im_end|>
Iter 2: rand accepted per itr: [3, 5, 1, 3, 4, 4, 3, 2, 7, 2, 3, 4, 2, 6, 7, 2], clean accepted per itr: [4, 5, 1, 3, 4, 4, 3, 2, 12, 2, 3, 4, 2, 6, 7, 2]
Iter 3: rand accepted per itr: [1, 5, 4, 5, 7, 11, 3, 1, 3, 1, 1, 2, 6, 4, 4, 2], clean accepted per itr: [1, 5, 6, 5, 7, 11, 5, 1, 3, 1, 1, 2, 6, 4, 4, 2]
Iter 4: rand accepted per itr: [1, 5, 1, 1, 5, 2, 5, 1, 1, 1, 8, 2, 4, 9, 8, 3, 2], clean accepted per itr: [1, 5, 1, 1, 5, 2, 5, 1, 1, 1, 8, 3, 6, 11, 8, 3, 2]
Iter 5: rand accepted per itr: [1, 3, 6, 8], clean accepted per itr: [1, 3, 6, 8]
Generated answers: ```python
def fix_spaces(text):
    """
    Given a string text, replace all spaces in it with underscores, 
    and if a string has more than 2 consecutive spaces, 
    then replace all consecutive spaces with - 
    
    fix_spaces("Example") == "Example"
    fix_spaces("Example 1") == "Example_1"
    fix_spaces(" Example 2") == "_Example_2"
    fix_spaces(" Example   3") == "_Example-3"
    """
    result = ""
    consecutive_spaces = 0
    for char in text:
        if char == " ":
            consecutive_spaces += 1
        else:
            if consecutive_spaces > 2:
                result += "-"
            elif consecutive_spaces > 0:
                result += "_" * consecutive_spaces
            result += char
            consecutive_spaces = 0
    if consecutive_spaces > 2:
        result += "-"
    elif consecutive_spaces > 0:
        result += "_" * consecutive_spaces
    return result
```<|im_end|>
Iter 2: rand accepted per itr: [2, 1, 2, 7, 4, 4, 4, 4, 4, 1, 1, 5, 7, 3, 3, 2, 3, 1, 1, 2], clean accepted per itr: [2, 1, 2, 7, 4, 4, 4, 4, 6, 1, 1, 5, 7, 3, 4, 2, 3, 1, 1, 2]
Iter 3: rand accepted per itr: [1, 2, 3, 3, 6, 8, 3, 3, 3, 2, 6, 8, 2, 1, 2, 2], clean accepted per itr: [1, 4, 3, 3, 8, 8, 3, 3, 3, 3, 10, 8, 2, 1, 2, 2]
Iter 4: rand accepted per itr: [1, 2, 5, 8, 4, 4, 4, 1, 1, 4, 6, 4, 5, 8, 1], clean accepted per itr: [1, 2, 8, 9, 4, 4, 4, 1, 1, 4, 6, 4, 5, 10, 1]
Iter 5: rand accepted per itr: [1, 7, 8, 5, 5, 2, 5, 2, 6, 7, 2, 8], clean accepted per itr: [1, 7, 8, 5, 5, 2, 5, 2, 8, 7, 6, 8]
Iter 6: rand accepted per itr: [1, 4, 8, 5, 6, 2, 1, 3, 3, 7, 6, 4], clean accepted per itr: [1, 5, 8, 5, 8, 2, 1, 12, 3, 9, 6, 4]
Iter 7: rand accepted per itr: [1, 5, 3, 8, 7, 3, 3, 6, 2, 2, 1, 1, 2, 3], clean accepted per itr: [1, 5, 3, 8, 7, 4, 3, 11, 12, 2, 1, 1, 3, 3]
Iter 8: rand accepted per itr: [1, 2, 1, 4, 3, 4, 5, 7, 2, 1, 1, 1, 4, 3, 1, 4, 2, 1, 3, 1, 2, 3, 1, 2, 1, 1], clean accepted per itr: [1, 2, 1, 5, 3, 4, 6, 7, 2, 1, 1, 1, 4, 4, 1, 4, 2, 1, 3, 1, 2, 3, 1, 2, 1, 1]
Iter 9: rand accepted per itr: [1, 7, 7, 4, 6, 4, 5, 6, 8, 3, 1, 2, 3, 4, 1], clean accepted per itr: [1, 7, 7, 4, 7, 4, 5, 6, 8, 3, 1, 2, 4, 4, 1]
Iter 10: rand accepted per itr: [1, 1, 4, 1, 9, 3, 1, 1, 2, 3, 7, 29], clean accepted per itr: [1, 1, 4, 1, 10, 3, 1, 1, 2, 3, 8, 29]
Generated answers: ```python
def file_name_check(file_name):
    """Create a function which takes a string representing a file's name, and returns
    'Yes' if the file's name is valid, and returns 'No' otherwise.
    A file's name is considered to be valid if and only if all the following conditions 
    are met:
    - There should not be more than three digits ('0'-'9') in the file's name.
    - The file's name contains exactly one dot '.'
    - The substring before the dot should not be empty, and it starts with a letter from 
    the latin alphapet ('a'-'z' and 'A'-'Z').
    - The substring after the dot should be one of these: ['txt', '```python
def file_name_check(file_name):
    """Create a function which takes a string representing a file's name, and returns
    'Yes' if the file's name is valid, and returns 'No' otherwise.
    A file's name is considered to be valid if and only if all the following conditions 
    are met:
    - There should not be more than three digits ('0'-'9') in the file's name.
    - The file's name contains exactly one dot '.'
    - The substring before the dot should not be empty, and it starts with a letter from 
    the latin alphapet ('a'-'z' and 'A'-'Z').
    - The substring after the dot should be one of these: ['txt', 'exe', 'dll']
    Examples:
    file_name_check("example.txt") # => 'Yes'
    file_name_check("1example.dll") # => 'No' (the name should start with a latin alphapet letter)
    """
    # Split the file name by the dot
    parts = file_name.split('.')
    
    # Check if there is exactly one dot
    if len(parts) != 2:
        return 'No'
    
    # Check if the substring before the dot is not empty and starts with a letter
    if not parts[0] or not parts[0][0].isalpha():
        return 'No'
    
    # Check if the substring after the dot is one of the allowed extensions
    if parts[1] not in ['txt', 'exe', 'dll']:
        return 'No'
    
    # Check if there are more than three digits in the file name
    if sum(c.isdigit() for c in file_name) > 3:
        return 'No'
    
    # If all conditions are met, return 'Yes'
    return 'Yes'
```<|im_end|>
====[140/162] task_id=HumanEval/141 new_toks=549 calls=10 avg_iter/call=14.20 reason=eos====
Iter 2: rand accepted per itr: [3, 3, 1, 4, 3, 6, 7, 8, 2, 2, 3, 3, 6, 4, 4], clean accepted per itr: [3, 7, 1, 4, 3, 6, 7, 8, 2, 2, 3, 3, 7, 4, 4]
Iter 3: rand accepted per itr: [1, 7, 3, 1, 5, 2, 3, 8, 7, 5, 2, 4, 7, 5, 4], clean accepted per itr: [1, 7, 3, 1, 5, 2, 3, 8, 7, 5, 2, 4, 7, 5, 4]
Iter 4: rand accepted per itr: [1, 4, 2, 1, 2, 8, 4, 2, 2, 5, 1, 1, 1, 1, 3, 1, 4, 5, 5], clean accepted per itr: [1, 4, 2, 1, 2, 14, 5, 2, 2, 5, 1, 1, 1, 1, 7, 1, 4, 5, 5]
Iter 5: rand accepted per itr: [1, 2, 4, 8, 6, 10], clean accepted per itr: [1, 6, 10, 8, 7, 10]
Generated answers: ```python
def sum_squares(lst):
    """"
    This function will take a list of integers. For all entries in the list, the function shall square the integer entry if its index is a 
    multiple of 3 and will cube the integer entry if its index is a multiple of 4 and not a multiple of 3. The function will not 
    change the entries in the list whose indexes are not a multiple of 3 or 4. The function will then return the sum of all entries. 
    
    Examples:
    For lst = [1,2,3] the output should be 6
    For lst = []  the output should be 0
    For lst = [-1,-5,2,-1,-5]  the output should be -126
    """
    total = 0
    for i, num in enumerate(lst):
        if i % 3 == 0:
            total += num ** 2
        elif i % 4 == 0:
            total += num ** 3
        else:
            total += num
    return total
```<|im_end|>
Iter 2: rand accepted per itr: [3, 1, 2, 1, 2, 1, 1, 1, 1, 1, 2, 3, 1, 2, 4, 5, 4, 2, 4, 8, 2, 3, 1], clean accepted per itr: [3, 1, 2, 1, 2, 1, 1, 1, 1, 1, 2, 3, 1, 2, 4, 5, 10, 2, 4, 11, 2, 3, 1]
Iter 3: rand accepted per itr: [1, 5, 7, 5, 4, 8, 5, 6, 8, 5], clean accepted per itr: [1, 5, 9, 8, 5, 11, 5, 6, 8, 6]
Iter 4: rand accepted per itr: [1, 3, 4, 8, 5, 1, 2, 2, 1, 3, 8, 4, 5, 6], clean accepted per itr: [1, 3, 4, 13, 5, 1, 3, 2, 1, 3, 9, 7, 6, 6]
Iter 5: rand accepted per itr: [1, 6, 7, 2, 1, 3, 1, 6, 2, 4, 1, 3, 4, 1, 20], clean accepted per itr: [1, 6, 9, 2, 1, 3, 1, 6, 2, 4, 1, 3, 4, 1, 20]
Generated answers: ```python
from typing import *
from collections import *

def words_in_sentence(sentence):
    """
    You are given a string representing a sentence,
    the sentence contains some words separated by a space,
    and you have to return a string that contains the words from the original sentence,
    whose lengths are prime numbers,
    the order of the words in the new string should be the same as the original one.

    Example 1:
        Input: sentence = "This is a test"
        Output: "is"

    Example 2:
        Input: sentence = "lets go for swimming"
        Output: "go for"

    Constraints:
        * 1 <= len(sentence) <= 100
        * sentence contains only letters
    """
    def is_prime(n):
        if n <= 1:
            return False
        for i in range(2, int(n**0.5) + 1):
            if n % i == 0:
                return False
        return True

    words = sentence.split()
    prime_length_words = [word for word in words if is_prime(len(word))]
    return ' '.join(prime_length_words)
```<|im_end|>
Iter 2: rand accepted per itr: [1, 2, 2, 4, 2, 2, 6, 3, 4, 1, 1, 4, 5, 1, 4, 5, 4, 1], clean accepted per itr: [1, 4, 2, 4, 2, 2, 7, 6, 4, 1, 1, 6, 5, 1, 4, 9, 4, 1]
Iter 3: rand accepted per itr: [1, 2, 6, 8, 4, 5, 6, 4, 3, 6, 9, 6], clean accepted per itr: [1, 2, 10, 8, 4, 5, 6, 4, 3, 6, 9, 6]
Iter 4: rand accepted per itr: [2, 8, 5, 6, 1, 1, 1, 1, 2, 1, 4, 2, 2, 3, 1, 4, 1, 7, 2, 3, 2], clean accepted per itr: [2, 9, 8, 6, 1, 1, 1, 1, 2, 1, 4, 2, 2, 3, 1, 4, 1, 8, 2, 3, 2]
Iter 5: rand accepted per itr: [1, 2, 2, 1, 1, 1, 1, 3, 3, 6, 2, 8, 5, 1, 4, 3, 5, 3], clean accepted per itr: [1, 2, 2, 1, 1, 1, 1, 3, 3, 8, 2, 8, 5, 1, 4, 3, 9, 3]
Generated answers: ```python
def simplify(x, n):
    """Your task is to implement a function that will simplify the expression
    x * n. The function returns True if x * n evaluates to a whole number and False
    otherwise. Both x and n, are string representation of a fraction, and have the following format,
    <numerator>/<denominator> where both numerator and denominator are positive whole numbers.

    You can assume that x, and n are valid fractions, and do not have zero as denominator.

    simplify("1/5", "5/1") = True
    simplify("1/6", "2/1") = False
    simplify("7/10", "10/2") = False
    """
    # Split the fractions into numerator and denominator
    x_num, x_den = map(int, x.split('/'))
    n_num, n_den = map(int, n.split('/'))
    
    # Calculate the product of the numerators and denominators
    product_num = x_num * n_num
    product_den = x_den * n_den
    
    # Check if the product is a whole number
    return product_num % product_den == 0
```<|im_end|>
Iter 2: rand accepted per itr: [2, 1, 1, 6, 1, 1, 3, 6, 3, 4, 3, 3, 4, 4, 3, 5, 2, 5, 1], clean accepted per itr: [2, 1, 1, 6, 1, 1, 3, 6, 3, 4, 3, 3, 7, 4, 6, 5, 2, 5, 1]
Iter 3: rand accepted per itr: [1, 7, 4, 7, 7, 9, 6, 2, 2, 1, 1, 1, 2, 1, 2, 1], clean accepted per itr: [1, 7, 4, 7, 10, 9, 9, 6, 2, 1, 1, 1, 2, 1, 2, 1]
Iter 4: rand accepted per itr: [1, 3, 2, 1, 1, 1, 1, 4, 1, 3, 5, 2, 2, 2, 2, 2, 1, 3, 2, 4, 3], clean accepted per itr: [1, 4, 8, 1, 1, 1, 1, 4, 1, 4, 9, 3, 2, 2, 7, 2, 1, 3, 2, 4, 3]
Iter 5: rand accepted per itr: [1, 5], clean accepted per itr: [1, 5]
Generated answers: ```python
def order_by_points(nums):
    """
    Write a function which sorts the given list of integers
    in ascending order according to the sum of their digits.
    Note: if there are several items with similar sum of their digits,
    order them based on their index in original list.

    For example:
    >>> order_by_points([1, 11, -1, -11, -12]) == [-1, -11, 1, -12, 11]
    >>> order_by_points([]) == []
    """
    # Function to calculate the sum of digits of a number
    def sum_of_digits(n):
        return sum(int(digit) for digit in str(abs(n)))

    # Sorting the list based on the sum of digits, maintaining original order for ties
    sorted_nums = sorted(nums, key=lambda x: (sum_of_digits(x), nums.index(x)))
    return sorted_nums
```<|im_end|>
Iter 2: rand accepted per itr: [1, 1, 1, 3, 4, 4, 5, 4, 2, 5, 7, 4, 2, 8, 3, 8, 1], clean accepted per itr: [1, 1, 1, 3, 4, 4, 5, 4, 2, 5, 7, 4, 2, 8, 4, 8, 1]
Iter 3: rand accepted per itr: [1, 3, 7, 5, 6, 7, 6, 7, 9, 4, 3, 1], clean accepted per itr: [1, 4, 7, 5, 10, 7, 6, 7, 9, 4, 3, 1]
Iter 4: rand accepted per itr: [1, 2, 1, 1, 1, 2, 3, 1, 1, 3, 2, 5, 1, 1, 2, 1, 3, 1, 2, 3, 1, 2, 2, 4, 7, 2], clean accepted per itr: [1, 2, 1, 1, 1, 2, 3, 1, 1, 3, 2, 5, 1, 1, 2, 1, 4, 1, 2, 3, 1, 2, 2, 11, 8, 2]
Iter 5: rand accepted per itr: [1, 2, 2, 1, 5, 1, 52], clean accepted per itr: [1, 2, 2, 1, 5, 1, 52]
Generated answers: ```python
def specialFilter(nums):
    """Write a function that takes an array of numbers as input and returns 
    the number of elements in the array that are greater than 10 and both 
    first and last digits of a number are odd (1, 3, 5, 7, 9).
    For example:
    specialFilter([15, -73, 14, -15]) => 1 
    specialFilter([33, -2, -3, 45, 21, 109]) => 2
    """
    def is_odd_and_greater_than_10(num):
        if num <= 10:
            return False
        num_str = str(abs(num))
        return int(num_str[0]) % 2 != 0 and int(num_str[-1]) % 2 != 0

    return sum(is_odd_and_greater_than_10(num) for num in nums)
```<|im_end|>
====[145/162] task_id=HumanEval/146 new_toks=205 calls=5 avg_iter/call=12.40 reason=eos====
Iter 2: rand accepted per itr: [3, 1, 7, 5, 5, 3, 2, 3, 4, 3, 4, 4, 6, 3, 6, 1], clean accepted per itr: [3, 1, 8, 5, 6, 3, 2, 3, 4, 3, 4, 4, 6, 3, 8, 1]
Iter 3: rand accepted per itr: [1, 5, 5, 2, 6, 1, 4, 5, 5, 4, 2, 4, 8, 4, 2], clean accepted per itr: [1, 5, 7, 2, 7, 1, 4, 5, 7, 5, 2, 4, 8, 4, 2]
Iter 4: rand accepted per itr: [1, 5, 11, 9, 3, 1, 1, 2, 4, 3, 5, 5, 6], clean accepted per itr: [1, 5, 16, 9, 5, 1, 1, 2, 4, 3, 5, 6, 6]
Iter 5: rand accepted per itr: [1, 5, 4, 6, 3, 7, 3, 1, 3, 7, 3, 6, 3, 1], clean accepted per itr: [1, 6, 5, 6, 7, 8, 3, 1, 3, 7, 3, 6, 7, 1]
Iter 6: rand accepted per itr: [1, 63], clean accepted per itr: [1, 63]
Generated answers: ```python
def get_max_triples(n):
    """
    You are given a positive integer n. You have to create an integer array a of length n.
        For each i (1 ≤ i ≤ n), the value of a[i] = i * i - i + 1.
        Return the number of triples (a[i], a[j], a[k]) of a where i < j < k, 
    and a[i] + a[j] + a[k] is a multiple of 3.

    Example :
        Input: n = 5
        Output: 1
        Explanation: 
        a = [1, 3, 7, 13, 21]
        The only valid triple is (1, 7, 13).
    """
    a = [i * i - i + 1 for i in range(1, n + 1)]
    count = 0
    for i in range(n):
        for j in range(i + 1, n):
            for k in range(j + 1, n):
                if (a[i] + a[j] + a[k]) % 3 == 0:
                    count += 1
    return count
```<|im_end|>
Iter 2: rand accepted per itr: [1, 1, 1, 1, 3, 3, 3, 1, 3, 6, 2, 1, 1, 4, 5, 6, 3, 3, 3], clean accepted per itr: [1, 1, 1, 1, 3, 3, 3, 1, 4, 7, 5, 1, 1, 5, 5, 8, 8, 3, 3]
Iter 3: rand accepted per itr: [1, 4, 5, 2, 6, 4, 1, 6, 2, 2, 2, 2, 4, 4, 3, 2, 1], clean accepted per itr: [1, 4, 7, 2, 6, 4, 1, 7, 6, 4, 2, 2, 4, 4, 4, 5, 1]
Iter 4: rand accepted per itr: [1, 2, 5, 2, 3, 7, 4, 9, 5, 4, 6, 8, 4, 2], clean accepted per itr: [1, 2, 6, 2, 3, 7, 4, 10, 5, 4, 6, 8, 4, 2]
Iter 5: rand accepted per itr: [1, 7, 5, 3, 2, 2, 3, 2, 3, 5, 4, 3, 1, 3], clean accepted per itr: [1, 7, 6, 3, 2, 3, 8, 3, 7, 5, 4, 3, 1, 11]
Iter 6: rand accepted per itr: [1, 4, 1, 4, 2, 4, 3, 6, 1, 2, 5, 1, 4, 3, 6, 4, 2, 1, 2], clean accepted per itr: [1, 4, 1, 4, 2, 4, 3, 6, 1, 2, 5, 1, 4, 3, 6, 4, 2, 1, 3]
Generated answers: ```python
def bf(planet1, planet2):
    '''
    There are eight planets in our solar system: the closerst to the Sun 
    is Mercury, the next one is Venus, then Earth, Mars, Jupiter, Saturn, 
    Uranus, Neptune.
    Write a function that takes two planet names as strings planet1 and planet2. 
    The function should return a tuple containing all planets whose orbits are 
    located between the orbit of planet1 and the orbit of planet2, sorted by 
    the proximity to the sun. 
    The function should return an empty tuple if planet1 or planet2
    are not correct planet names. 
    Examples
    bf("Jupiter", "Neptune") ==> ("Saturn", "Uranus")
    bf("Earth", "Mercury") ==> ("Venus")
    bf("Mercury", "Uranus") ==> ("Venus", "Earth", "Mars", "Jupiter", "Saturn")
    '''
    planets = ("Mercury", "Venus", "Earth", "Mars", "Jupiter", "Saturn", "Uranus", "Neptune")
    if planet1 not in planets or planet2 not in planets:
        return ()
    index1 = planets.index(planet1)
    index2 = planets.index(planet2)
    if index1 > index2:
        index1, index2 = index2, index1
    return planets[index1 + 1:index2]
```<|im_end|>
Iter 2: rand accepted per itr: [1, 1, 1, 5, 1, 4, 6, 4, 7, 2, 3, 4, 3, 6, 1], clean accepted per itr: [1, 1, 1, 7, 1, 4, 8, 4, 7, 2, 3, 15, 3, 6, 1]
Iter 3: rand accepted per itr: [1, 3, 3, 5, 6, 1, 2, 1, 4, 3, 5, 3, 2, 3, 5, 2], clean accepted per itr: [1, 3, 3, 5, 8, 1, 2, 1, 4, 3, 12, 4, 2, 8, 5, 2]
Iter 4: rand accepted per itr: [1, 7, 3, 1, 5, 8, 5, 10, 8, 2, 2, 1, 2, 1], clean accepted per itr: [1, 7, 3, 1, 5, 8, 10, 10, 10, 2, 3, 1, 2, 1]
Iter 5: rand accepted per itr: [2, 1, 1, 2, 3, 5, 3, 5, 1, 6, 1, 1, 1, 1, 2, 1, 2, 1, 5, 4, 4, 5, 1, 3], clean accepted per itr: [2, 1, 1, 2, 4, 5, 3, 5, 1, 6, 1, 1, 1, 1, 2, 1, 2, 1, 6, 4, 4, 6, 1, 3]
Iter 6: rand accepted per itr: [1, 21], clean accepted per itr: [1, 21]
Generated answers: ```python
def sorted_list_sum(lst):
    """Write a function that accepts a list of strings as a parameter,
    deletes the strings that have odd lengths from it,
    and returns the resulted list with a sorted order,
    The list is always a list of strings and never an array of numbers,
    and it may contain duplicates.
    The order of the list should be ascending by length of each word, and you
    should return the list sorted by that rule.
    If two words have the same length, sort the list alphabetically.
    The function should return a list of strings in sorted order.
    You may assume that all words will have the same length.
    For example:
    assert list_sort(["aa", "a", "aaa"]) => ["aa"]
    assert list_sort(["ab", "a", "aaa", "cd"]) => ["ab", "cd"]
    """
    # Filter out strings with odd lengths
    even_length_lst = [word for word in lst if len(word) % 2 == 0]
    
    # Sort the list by length, and then alphabetically for words of the same length
    sorted_lst = sorted(even_length_lst, key=lambda x: (len(x), x))
    
    return sorted_lst
```<|im_end|>
Iter 2: rand accepted per itr: [1, 2, 2, 5, 4, 1, 3, 4, 4, 2, 1, 4, 6, 3, 3, 7, 8, 2], clean accepted per itr: [1, 2, 2, 6, 4, 1, 3, 4, 4, 2, 1, 4, 6, 3, 4, 7, 8, 2]
Iter 3: rand accepted per itr: [1, 2, 10, 7, 2, 3, 4, 3, 1, 6, 3, 5, 4], clean accepted per itr: [1, 2, 10, 7, 4, 3, 4, 10, 1, 6, 5, 7, 4]
Iter 4: rand accepted per itr: [1, 9, 7, 10, 1, 3], clean accepted per itr: [1, 9, 7, 10, 1, 36]
Generated answers: ```python
def x_or_y(n, x, y):
    """A simple program which should return the value of x if n is 
    a prime number and should return the value of y otherwise.

    Examples:
    for x_or_y(7, 34, 12) == 34
    for x_or_y(15, 8, 5) == 5
    
    """
    def is_prime(num):
        if num <= 1:
            return False
        for i in range(2, int(num**0.5) + 1):
            if num % i == 0:
                return False
        return True

    if is_prime(n):
        return x
    else:
        return y
```<|im_end|>
Iter 2: rand accepted per itr: [3, 7, 1, 4, 3, 2, 6, 1, 2, 3, 11, 7], clean accepted per itr: [3, 7, 1, 4, 3, 2, 6, 1, 6, 3, 21, 7]
Iter 3: rand accepted per itr: [1, 8, 9, 7, 3, 9, 3, 8, 5], clean accepted per itr: [1, 8, 10, 11, 3, 12, 3, 8, 8]
Iter 4: rand accepted per itr: [1, 6, 2, 2, 1, 3, 4, 1, 3, 1, 2, 4], clean accepted per itr: [1, 6, 2, 2, 1, 3, 4, 1, 7, 1, 2, 4]
Generated answers: ```python
def double_the_difference(lst):
    '''
    Given a list of numbers, return the sum of squares of the numbers
    in the list that are odd. Ignore numbers that are negative or not integers.
    
    double_the_difference([1, 3, 2, 0]) == 1 + 9 + 0 + 0 = 10
    double_the_difference([-1, -2, 0]) == 0
    double_the_difference([9, -2]) == 81
    double_the_difference([0]) == 0  
   
    If the input list is empty, return 0.
    '''
    return sum(x**2 for x in lst if x > 0 and x % 2 == 0)
```<|im_end|>
====[150/162] task_id=HumanEval/151 new_toks=161 calls=4 avg_iter/call=8.25 reason=eos====
Iter 2: rand accepted per itr: [1, 2, 2, 4, 1, 1, 1, 3, 4, 2, 2, 3, 3, 2, 2, 4, 1, 3, 1, 5, 4, 8], clean accepted per itr: [1, 4, 2, 4, 1, 1, 1, 3, 6, 2, 2, 3, 3, 2, 2, 5, 1, 3, 1, 5, 4, 8]
Iter 3: rand accepted per itr: [1, 6, 5, 5, 9, 3, 6, 1, 2, 3, 5, 2, 3, 5, 5], clean accepted per itr: [1, 6, 5, 5, 9, 3, 6, 1, 2, 3, 8, 2, 3, 5, 5]
Iter 4: rand accepted per itr: [1, 7, 2, 2, 3, 6, 4, 1, 5, 4, 7, 4, 5, 6, 2], clean accepted per itr: [1, 8, 2, 3, 3, 8, 4, 1, 5, 5, 7, 4, 5, 6, 2]
Iter 5: rand accepted per itr: [1, 3, 5, 4, 3, 4, 4, 4, 5, 2, 1, 2, 1, 2, 3, 3, 2, 4], clean accepted per itr: [1, 3, 5, 4, 3, 4, 4, 4, 5, 2, 1, 2, 1, 2, 3, 5, 2, 4]
Generated answers: ```python
def compare(game,guess):
    """I think we all remember that feeling when the result of some long-awaited
    event is finally known. The feelings and thoughts you have at that moment are
    definitely worth noting down and comparing.
    Your task is to determine if a person correctly guessed the results of a number of matches.
    You are given two arrays of scores and guesses of equal length, where each index shows a match. 
    Return an array of the same length denoting how far off each guess was. If they have guessed correctly,
    the value is 0, and if not, the value is the absolute difference between the guess and the score.
    
    
    example:

    compare([1,2,3,4,5,1],[1,2,3,4,2,-2]) -> [0,0,0,0,3,3]
    compare([0,5,0,0,0,4],[4,1,1,0,0,-2]) -> [4,4,1,0,0,6]
    """
    return [abs(g - s) for g, s in zip(guess, game)]
```<|im_end|>
Iter 2: rand accepted per itr: [3, 4, 7, 1, 3, 1, 4, 7, 6, 2, 3, 7, 1, 1, 5, 3, 2, 2], clean accepted per itr: [3, 4, 7, 1, 3, 1, 5, 7, 6, 2, 3, 7, 1, 1, 5, 3, 3, 2]
Iter 3: rand accepted per itr: [1, 2, 2, 1, 3, 5, 3, 5, 1, 4, 6, 5, 3, 1, 1, 3, 4], clean accepted per itr: [1, 2, 2, 1, 3, 5, 3, 5, 1, 4, 20, 5, 3, 1, 1, 3, 4]
Iter 4: rand accepted per itr: [1, 2, 4, 3, 7, 1, 3, 6, 2, 4, 5, 6, 2, 3, 5, 1, 4], clean accepted per itr: [1, 2, 4, 3, 7, 1, 3, 9, 2, 6, 5, 6, 2, 3, 5, 1, 4]
Iter 5: rand accepted per itr: [1, 4, 2, 3, 2, 4, 9, 4, 6, 4, 2, 7, 4, 1, 5], clean accepted per itr: [1, 4, 2, 6, 2, 4, 10, 4, 6, 4, 2, 7, 6, 1, 5]
Iter 6: rand accepted per itr: [1, 5, 5, 6, 1, 1, 3, 2, 1, 1, 1, 2, 2, 3, 7, 5, 4, 1, 4, 2, 1], clean accepted per itr: [1, 5, 5, 7, 1, 1, 5, 3, 1, 1, 1, 2, 2, 3, 9, 5, 4, 1, 4, 2, 1]
Iter 7: rand accepted per itr: [1, 1, 3, 5, 2, 1, 3, 44], clean accepted per itr: [1, 1, 4, 5, 2, 1, 6, 44]
Generated answers: ```python
def Strongest_Extension(class_name, extensions):
    """You will be given the name of a class (a string) and a list of extensions.
    The extensions are to be used to load additional classes to the class. The
    strength of the extension is as follows: Let CAP be the number of the uppercase
    letters in the extension's name, and let SM be the number of lowercase letters 
    in the extension's name, the strength is given by the fraction CAP - SM. 
    You should find the strongest extension and return a string in this 
    format: ClassName.StrongestExtensionName.
    If there are two or more extensions with the same strength, you should
    choose the one that comes first in the list.
    For example, if you are given "Slices" as the class and a list of the
    extensions: ['SErviNGSliCes', 'Cheese', 'StuFfed'] then you should
    return 'Slices.SErviNGSliCes' since 'SErviNGSliCes' is the strongest extension 
    (its strength is -1).
    Example:
    for Strongest_Extension('my_class', ['AA', 'Be', 'CC']) == 'my_class.AA'
    """
    def calculate_strength(extension):
        cap = sum(1 for char in extension if char.isupper())
        sm = sum(1 for char in extension if char.islower())
        return cap - sm

    strongest_extension = max(extensions, key=calculate_strength)
    return f"{class_name}.{strongest_extension}"
```<|im_end|>
Iter 2: rand accepted per itr: [1, 2, 2, 3, 1, 1, 2, 2, 5, 3, 2, 4, 4, 3, 5, 6, 5, 1], clean accepted per itr: [1, 2, 2, 7, 1, 1, 7, 2, 5, 3, 2, 5, 4, 4, 5, 6, 6, 1]
Iter 3: rand accepted per itr: [1, 7, 4, 7, 9, 6, 7, 6, 6, 1, 4, 2, 1], clean accepted per itr: [1, 7, 4, 7, 9, 7, 7, 6, 6, 1, 4, 4, 1]
Iter 4: rand accepted per itr: [1, 2, 2, 1, 1, 6, 3, 5, 2, 1, 4, 2, 3, 6], clean accepted per itr: [1, 2, 2, 1, 1, 6, 3, 5, 2, 1, 4, 2, 3, 17]
Generated answers: ```python
def cycpattern_check(a , b):
    """You are given 2 words. You need to return True if the second word or any of its rotations is a substring in the first word
    cycpattern_check("abcd","abd") => False
    cycpattern_check("hello","ell") => True
    cycpattern_check("whassup","psus") => False
    cycpattern_check("abab","baa") => True
    cycpattern_check("efef","eeff") => False
    cycpattern_check("himenss","simen") => True

    """
    # Check if b or any of its rotations is a substring of a
    for i in range(len(b)):
        rotated_b = b[i:] + b[:i]
        if rotated_b in a:
            return True
    return False
```<|im_end|>
Iter 2: rand accepted per itr: [2, 1, 2, 4, 2, 8, 5, 5, 4, 6, 9, 8], clean accepted per itr: [2, 1, 2, 4, 2, 8, 5, 5, 10, 8, 9, 8]
Iter 3: rand accepted per itr: [1, 2, 4, 3, 1, 1, 1, 4, 1, 2, 1, 1, 1, 2, 1, 1, 1, 3, 4, 3, 4, 4, 2, 2, 1, 5, 2, 1], clean accepted per itr: [1, 2, 4, 3, 1, 1, 1, 4, 1, 2, 1, 1, 1, 2, 1, 1, 1, 3, 7, 3, 4, 4, 2, 4, 1, 5, 2, 1]
Iter 4: rand accepted per itr: [1, 5, 2, 2, 1, 1, 1, 5, 3, 2, 1, 4, 8, 3, 3, 1, 2, 2, 1, 5, 6, 3], clean accepted per itr: [1, 5, 2, 2, 1, 1, 1, 5, 3, 2, 1, 4, 8, 3, 3, 1, 2, 2, 1, 7, 6, 3]
Iter 5: rand accepted per itr: [1, 6, 6, 5, 7, 5, 30], clean accepted per itr: [1, 10, 6, 5, 7, 5, 30]
Generated answers: ```python
def even_odd_count(num):
    """Given an integer. return a tuple that has the number of even and odd digits respectively.

     Example:
        even_odd_count(-12) ==> (1, 1)
        even_odd_count(123) ==> (1, 2)
    """
    # Convert the number to a string to iterate over each digit
    num_str = str(abs(num))  # Use abs to handle negative numbers
    even_count = 0
    odd_count = 0
    
    # Iterate over each character in the string representation of the number
    for char in num_str:
        # Check if the character is a digit
        if char.isdigit():
            # Convert the character back to an integer
            digit = int(char)
            # Check if the digit is even or odd and update the respective counter
            if digit % 2 == 0:
                even_count += 1
            else:
                odd_count += 1
    
    # Return a tuple containing the counts of even and odd digits
    return (even_count, odd_count)
```<|im_end|>
Iter 2: rand accepted per itr: [1, 2, 2, 4, 3, 7, 5, 3, 7, 4, 2, 3, 6], clean accepted per itr: [1, 2, 2, 9, 3, 7, 5, 3, 15, 6, 2, 3, 6]
Iter 3: rand accepted per itr: [1, 1, 3, 6, 2, 13, 4, 1, 1, 1, 1, 1, 3, 2, 2, 1, 2, 3, 1], clean accepted per itr: [1, 1, 6, 12, 2, 15, 4, 1, 1, 1, 1, 1, 3, 2, 4, 1, 2, 5, 1]
Iter 4: rand accepted per itr: [1, 1, 4, 6, 2, 4, 3, 5, 4, 1, 2, 2, 5, 1, 2, 3, 1], clean accepted per itr: [1, 1, 4, 6, 4, 12, 3, 10, 5, 1, 2, 3, 5, 1, 2, 3, 1]
Iter 5: rand accepted per itr: [1, 1, 4, 3, 3, 6, 9, 5, 3, 1, 3, 5, 1, 1, 1, 1, 3, 2, 1, 1], clean accepted per itr: [1, 1, 7, 3, 6, 6, 9, 5, 4, 1, 4, 5, 1, 1, 1, 1, 4, 2, 1, 1]
Iter 6: rand accepted per itr: [1, 3, 1, 2, 1, 1, 1, 2, 2, 1, 3, 3, 1, 2, 1, 7, 5, 8, 5, 1, 1, 2], clean accepted per itr: [1, 3, 1, 2, 1, 1, 1, 2, 2, 1, 3, 3, 1, 2, 1, 7, 5, 10, 5, 1, 1, 2]
Generated answers: ```python
def int_to_mini_roman(number):
    """
    Given a positive integer, obtain its roman numeral equivalent as a string,
    and return it in lowercase.
    Restrictions: 1 <= num <= 1000

    Examples:
    >>> int_to_mini_roman(19) == 'xix'
    >>> int_to_mini_roman(152) == 'clii'
    >>> int_to_mini_roman(426) == 'cdxxvi'
    """
    # Define the mapping from integers to Roman numerals
    val = [
        1000, 900, 500, 400,
        100, 90, 50, 40,
        10, 9, 5, 4,
        1
    ]
    syms = [
        "m", "cm", "d", "cd",
        "c", "xc", "l", "xl",
        "x", "ix", "v", "iv",
        "i"
    ]
    roman_numeral = ''
    i = 0
    # Loop through the values and symbols
    while number > 0:
        # Find the largest value less than or equal to number
        for _ in range(number // val[i]):
            roman_numeral += syms[i]
            number -= val[i]
        i += 1
    return roman_numeral.lower()
```<|im_end|>
====[155/162] task_id=HumanEval/156 new_toks=311 calls=6 avg_iter/call=15.17 reason=eos====
Iter 2: rand accepted per itr: [3, 2, 5, 2, 5, 7, 4, 1, 2, 6, 3, 6, 5, 2, 2], clean accepted per itr: [3, 2, 9, 2, 5, 7, 4, 1, 2, 6, 3, 6, 10, 2, 2]
Iter 3: rand accepted per itr: [1, 5, 7, 11, 10, 7, 2, 1, 2, 2, 1, 2, 1, 1, 2, 1, 5, 1], clean accepted per itr: [1, 5, 7, 11, 10, 7, 2, 1, 2, 4, 1, 2, 1, 1, 2, 1, 5, 1]
Iter 4: rand accepted per itr: [1, 4, 3, 2, 1, 3, 2, 2, 4, 6, 2, 4, 4, 1, 2], clean accepted per itr: [1, 6, 5, 2, 1, 3, 2, 2, 4, 6, 2, 9, 4, 1, 2]
Generated answers: ```python
def right_angle_triangle(a, b, c):
    '''
    Given the lengths of the three sides of a triangle. Return True if the three
    sides form a right-angled triangle, False otherwise.
    A right-angled triangle is a triangle in which one angle is right angle or 
    90 degree.
    Example:
    right_angle_triangle(3, 4, 5) == True
    right_angle_triangle(1, 2, 3) == False
    '''
    # Sort the sides to ensure the longest side is considered as the hypotenuse
    sides = sorted([a, b, c])
    # Check if the sum of squares of the two shorter sides equals the square of the longest side
    return sides[0]**2 + sides[1]**2 == sides[2]**2
```<|im_end|>
Iter 2: rand accepted per itr: [1, 1, 1, 3, 3, 1, 8, 6, 4, 3, 5, 5, 7], clean accepted per itr: [1, 1, 1, 3, 3, 1, 11, 6, 6, 3, 5, 11, 12]
Iter 3: rand accepted per itr: [1, 6, 6, 7, 9, 4, 2, 4, 6, 1, 2, 2, 2, 1, 2], clean accepted per itr: [1, 8, 6, 10, 9, 7, 2, 4, 7, 1, 2, 2, 2, 1, 2]
Iter 4: rand accepted per itr: [1, 2, 2, 1, 2, 2, 4, 1, 1, 1, 4, 2, 1, 1, 5, 2, 5, 1, 5, 5, 3, 1, 4], clean accepted per itr: [1, 2, 2, 1, 2, 2, 4, 1, 1, 1, 4, 2, 1, 1, 8, 2, 7, 1, 5, 6, 5, 1, 4]
Iter 5: rand accepted per itr: [1, 2, 5, 1, 2, 4, 3, 2, 1, 1, 2, 1, 5, 4, 2, 5, 5], clean accepted per itr: [1, 2, 5, 1, 2, 6, 4, 2, 1, 1, 3, 1, 5, 11, 9, 5, 5]
Iter 6: rand accepted per itr: [1, 48], clean accepted per itr: [1, 63]
Generated answers: ```python
def find_max(words):
    """Write a function that accepts a list of strings.
    The list contains different words. Return the word with maximum number
    of unique characters. If multiple strings have maximum number of unique
    characters, return the one which comes first in lexicographical order.

    find_max(["name", "of", "string"]) == "string"
    find_max(["name", "enam", "game"]) == "enam"
    find_max(["aaaaaaa", "bb" ,"cc"]) == ""aaaaaaa"
    """
    # Sort the words lexicographically first
    words.sort()
    # Initialize variables to keep track of the word with the maximum number of unique characters
    max_unique_chars = 0
    max_word = ""
    # Iterate through each word in the sorted list
    for word in words:
        # Use a set to find the number of unique characters in the current word
        unique_chars = len(set(word))
        # If the current word has more unique characters than the previous maximum, update the variables
        if unique_chars > max_unique_chars:
            max_unique_chars = unique_chars
            max_word = word
    # Return the word with the maximum number of unique characters
    return max_word
```<|im_end|>
Iter 2: rand accepted per itr: [1, 1, 1, 3, 6, 2, 3, 5, 1, 4, 5, 2, 3, 6, 3, 5, 3, 2], clean accepted per itr: [1, 1, 1, 3, 6, 2, 3, 5, 1, 4, 7, 2, 3, 6, 9, 5, 3, 2]
Iter 3: rand accepted per itr: [1, 3, 2, 5, 4, 1, 5, 3, 5, 4, 3, 3, 10, 7, 2], clean accepted per itr: [1, 3, 2, 5, 4, 1, 5, 3, 6, 4, 3, 3, 10, 12, 2]
Iter 4: rand accepted per itr: [1, 5, 7, 12, 8, 8, 5, 4, 3], clean accepted per itr: [1, 7, 13, 15, 8, 8, 5, 4, 3]
Iter 5: rand accepted per itr: [1, 2, 4, 2, 3, 5, 5, 7, 2, 3, 5, 4, 8], clean accepted per itr: [1, 2, 4, 9, 5, 6, 5, 10, 2, 3, 5, 4, 8]
Iter 6: rand accepted per itr: [2, 6, 7, 6, 2, 3, 2, 2, 4, 3, 4, 1, 1, 6, 4, 6], clean accepted per itr: [2, 6, 7, 9, 2, 3, 2, 2, 4, 3, 4, 1, 1, 6, 5, 6]
Generated answers: ```python
def eat(number, need, remaining):
    """
    You're a hungry rabbit, and you already have eaten a certain number of carrots,
    but now you need to eat more carrots to complete the day's meals.
    you should return an array of [ total number of eaten carrots after your meals,
                                    the number of carrots left after your meals ]
    if there are not enough remaining carrots, you will eat all remaining carrots, but will still be hungry.
    
    Example:
    * eat(5, 6, 10) -> [11, 4]
    * eat(4, 8, 9) -> [12, 1]
    * eat(1, 10, 10) -> [11, 0]
    * eat(2, 11, 5) -> [7, 0]
    
    Variables:
    @number : integer
        the number of carrots that you have eaten.
    @need : integer
        the number of carrots that you need to eat.
    @remaining : integer
        the number of remaining carrots thet exist in stock
    
    Constrain:
    * 0 <= number <= 1000
    * 0 <= need <= 1000
    * 0 <= remaining <= 1000

    Have fun :)
    """
    if need <= remaining:
        return [number + need, remaining - need]
    else:
        return [number + remaining, 0]
```<|im_end|>
Iter 2: rand accepted per itr: [3, 3, 5, 3, 2, 1, 2, 4, 6, 3, 1, 3, 7, 4, 2, 8], clean accepted per itr: [3, 3, 5, 3, 2, 1, 2, 4, 6, 3, 1, 10, 7, 4, 2, 8]
Iter 3: rand accepted per itr: [1, 2, 6, 3, 5, 6, 5, 5, 4, 4, 11, 2], clean accepted per itr: [1, 2, 6, 3, 7, 7, 5, 9, 6, 5, 11, 2]
Iter 4: rand accepted per itr: [1, 10, 6, 6, 6, 5, 5, 4, 5, 5, 2], clean accepted per itr: [1, 10, 8, 7, 6, 5, 5, 4, 11, 5, 2]
Iter 5: rand accepted per itr: [1, 6, 5, 1, 1, 2, 2, 6, 5, 1, 5, 3, 1, 6, 1, 3, 3, 1, 1, 3, 4], clean accepted per itr: [1, 6, 5, 1, 1, 2, 2, 6, 5, 1, 5, 3, 1, 6, 1, 3, 3, 1, 1, 3, 7]
Iter 6: rand accepted per itr: [1, 5, 3, 8, 6, 9, 9, 3, 3, 1, 1, 6], clean accepted per itr: [1, 5, 5, 9, 11, 10, 9, 3, 3, 1, 1, 6]
Iter 7: rand accepted per itr: [1, 9, 2, 8], clean accepted per itr: [1, 9, 2, 52]
Generated answers: ```python
def do_algebra(operator, operand):
    """
    Given two lists operator, and operand. The first list has basic algebra operations, and 
    the second list is a list of integers. Use the two given lists to build the algebric 
    expression and return the evaluation of this expression.

    The basic algebra operations:
    Addition ( + ) 
    Subtraction ( - ) 
    Multiplication ( * ) 
    Floor division ( // ) 
    Exponentiation ( ** ) 

    Example:
    operator['+', '*', '-']
    array = [2, 3, 4, 5]
    result = 2 + 3 * 4 - 5
    => result = 9

    Note:
        The length of operator list is equal to the length of operand list minus one.
        Operand is a list of of non-negative integers.
        Operator list has at least one operator, and operand list has at least two operands.

    """
    # Initialize the result with the first operand
    result = operand[0]
    
    # Iterate through the operator and operand lists
    for i in range(len(operator)):
        # Perform the operation based on the current operator
        if operator[i] == '+':
            result += operand[i + 1]
        elif operator[i] == '-':
            result -= operand[i + 1]
        elif operator[i] == '*':
            result *= operand[i + 1]
        elif operator[i] == '//':
            result //= operand[i + 1]
        elif operator[i] == '**':
            result **= operand[i + 1]
    
    return result
```<|im_end|>
Iter 2: rand accepted per itr: [1, 1, 1, 3, 2, 1, 1, 10, 7, 3, 4, 2, 2, 3, 3, 9], clean accepted per itr: [1, 1, 1, 3, 2, 1, 1, 10, 7, 6, 4, 2, 2, 3, 3, 17]
Iter 3: rand accepted per itr: [1, 3, 2, 5, 6, 7, 5, 4, 5, 4, 1, 1, 5, 2, 1, 2], clean accepted per itr: [1, 3, 2, 5, 11, 7, 5, 4, 5, 4, 1, 1, 8, 4, 1, 2]
Iter 4: rand accepted per itr: [1, 5, 5, 5, 4, 1, 2], clean accepted per itr: [1, 5, 5, 5, 4, 1, 43]
Generated answers: ```python
def solve(s):
    """You are given a string s.
    if s[i] is a letter, reverse its case from lower to upper or vise versa, 
    otherwise keep it as it is.
    If the string contains no letters, reverse the string.
    The function should return the resulted string.
    Examples
    solve("1234") = "4321"
    solve("ab") = "AB"
    solve("#a@C") = "#A@c"
    """
    if any(c.isalpha() for c in s):
        return ''.join(c.swapcase() if c.isalpha() else c for c in s)
    else:
        return s[::-1]
```<|im_end|>
====[160/162] task_id=HumanEval/161 new_toks=150 calls=4 avg_iter/call=9.75 reason=eos====
Iter 2: rand accepted per itr: [3, 1, 1, 1, 1, 2, 5, 2, 2, 8, 5, 5, 6, 1], clean accepted per itr: [3, 1, 1, 1, 1, 2, 5, 2, 2, 29, 5, 5, 6, 1]
Iter 3: rand accepted per itr: [1, 1, 2, 2, 9, 2, 3, 9, 6, 5, 6, 2], clean accepted per itr: [1, 1, 2, 2, 9, 2, 12, 10, 11, 5, 7, 2]
Iter 4: rand accepted per itr: [1, 2, 7, 5, 3, 5, 2, 2, 2, 3], clean accepted per itr: [1, 2, 7, 11, 5, 8, 2, 2, 3, 3]
Generated answers: ```python
import hashlib

def string_to_md5(text):
    """
    Given a string 'text', return its md5 hash equivalent string.
    If 'text' is an empty string, return None.

    >>> string_to_md5('Hello world') == '3e25960a79```python
import hashlib

def string_to_md5(text):
    """
    Given a string 'text', return its md5 hash equivalent string.
    If 'text' is an empty string, return None.

    >>> string_to_md5('Hello world') == '3e25960a79dbc69b674cd4ec67a72c62'
    """
    if not text:
        return None
    return hashlib.md5(text.encode()).hexdigest()
```<|im_end|>
Iter 2: rand accepted per itr: [3, 2, 7, 1, 2, 4, 5, 4, 1, 6, 7, 2], clean accepted per itr: [3, 2, 8, 1, 2, 4, 5, 4, 1, 6, 26, 2]
Iter 3: rand accepted per itr: [1, 4, 12, 11, 7, 3, 1, 1, 1, 1, 2, 2, 2, 5, 2, 4], clean accepted per itr: [1, 4, 12, 11, 8, 4, 1, 1, 1, 1, 2, 3, 2, 6, 3, 4]
Iter 4: rand accepted per itr: [1, 4, 1, 1, 1, 1, 1, 1, 3, 2, 3, 2, 8, 7], clean accepted per itr: [1, 4, 1, 1, 1, 1, 1, 1, 3, 3, 3, 2, 13, 7]
Generated answers: ```python
def generate_integers(a, b):
    """
    Given two positive integers a and b, return the even digits between a
    and b, in ascending order.

    For example:
    generate_integers(2, 8) => [2, 4, 6, 8]
    generate_integers(8, 2) => [2, 4, 6, 8]
    generate_integers(10, 14) => []
    """
    # Ensure a is less than b for the range
    if a > b:
        a, b = b, a
    
    # Generate and return the list of even numbers between a and b
    return [i for i in range(a, b + 1) if i % 2 == 0]
```<|im_end|>
====[162/162] task_id=HumanEval/163 new_toks=170 calls=4 avg_iter/call=10.50 reason=eos====
Task id: 0, Extracted answer: from typing import List


def has_close_elements(numbers: List[float], threshold: float) -> bool:
    """ Check if in given list of numbers, are any two numbers closer to each other than
    given threshold.
    >>> has_close_elements([1.0, 2.0, 3.0], 0.5)
    False
    >>> has_close_elements([1.0, 2.8, 3.0, 4.0, 5.0, 2.0], 0.3)
    True
    """
    # Sort the list to make it easier to find close elements
    numbers.sort()
    # Iterate through the sorted list to check the difference between consecutive elements
    for i in range(len(numbers) - 1):
        if abs(numbers[i] - numbers[i + 1]) < threshold:
            return True
    return False
Task id: 1, Extracted answer: from typing import List


def separate_paren_groups(paren_string: str) -> List[str]:
    """ Input to this function is a string containing multiple groups of nested parentheses. Your goal is to
    separate those group into separate strings and return the list of those.
    Separate groups are balanced (each open brace is properly closed) and not nested within each other
    Ignore any spaces in the input string.
    >>> separate_paren_groups('( ) ((
Task id: 2, Extracted answer: def truncate_number(number: float) -> float:
    """ Given a positive floating point number, it can be decomposed into
    and integer part (largest integer smaller than given number) and decimals
    (leftover part always smaller than 1).

    Return the decimal part of the number.
    >>> truncate_number(3.5)
    0.5
    """
    return number - int(number)
Task id: 3, Extracted answer: from typing import List


def below_zero(operations: List[int]) -> bool:
    """ You're given a list of deposit and withdrawal operations on a bank account that starts with
    zero balance. Your task is to detect if at any point the balance of account fallls below zero, and
    at that point function should return True. Otherwise it should return False.
    >>> below_zero([1, 2, 3])
    False
    >>> below_zero([1, 2, -4, 5])
    True
    """
    balance = 0
    for operation in operations:
        balance += operation
        if balance < 0:
            return True
    return False
Task id: 4, Extracted answer: from typing import List


def mean_absolute_deviation(numbers: List[float]) -> float:
    """ For a given list of input numbers, calculate Mean Absolute Deviation
    around the mean of this dataset.
    Mean Absolute Deviation is the average absolute difference between each
    element and a centerpoint (mean in this case):
    MAD = average | x - x_mean |
    >>> mean_absolute_deviation([1.0, 2.0, 3.0, 4.0])
    1.0
    """
    mean = sum(numbers) / len(numbers)
    mad = sum(abs(x - mean) for x in numbers) / len(numbers)
    return mad
Task id: 5, Extracted answer: from typing import List


def intersperse(numbers: List[int], delimeter: int) -> List[int]:
    """ Insert a number 'delimeter' between every two consecutive elements of input list `numbers'
    >>> intersperse([], 4)
    []
    >>> intersperse([1, 2, 3], 4)
    [1, 4, 2, 4, 3]
    """
    if not numbers:
        return []
    result = [numbers[0]]
    for number in numbers[1:]:
        result.extend([delimeter, number])
    return result
Task id: 6, Extracted answer: from typing import List


def parse_nested_parens(paren_string: str) -> List[int]:
    """ Input to this function is a string represented multiple groups for nested parentheses separated by spaces.
    For each of the group, output the deepest level of nesting of parentheses.
    E.g. (()()) has maximum two levels of nesting while ((())) has three.

    >>> parse_nested_parens('(()()) ((())) () ((())()())')
    [2, 3, 1, 3]
    """
    def max_depth(s: str) -> int:
        depth = 0
        max_depth = 0
        for char in s:
            if char == '(':
                depth += 1
                max_depth = max(max_depth, depth)
            elif char == ')':
                depth -= 1
        return max_depth

    return [max_depth(group) for group in paren_string.split()]
Task id: 7, Extracted answer: from typing import List


def filter_by_substring(strings: List[str], substring: str) -> List[str]:
    """ Filter an input list of strings only for ones that contain given substring
    >>> filter_by_substring([], 'a')
    []
    >>> filter_by_substring(['abc', 'bacd', 'cde', 'array'], 'a')
    ['abc', 'bacd', 'array']
    """
    return [s for s in strings if substring in s]
Task id: 8, Extracted answer: from typing import List, Tuple


def sum_product(numbers: List[int]) -> Tuple[int, int]:
    """ For a given list of integers, return a tuple consisting of a sum and a product of all the integers in a list.
    Empty sum should be equal to 0 and empty product should be equal to 1.
    >>> sum_product([])
    (0, 1)
    >>> sum_product([1, 2, 3, 4])
    (10, 24)
    """
    if not numbers:
        return 0, 1
    total_sum = sum(numbers)
    total_product = 1
    for number in numbers:
        total_product *= number
    return total_sum, total_product
Task id: 9, Extracted answer: from typing import List, Tuple


def rolling_max(numbers: List[int]) -> List[int]:
    """ From a given list of integers, generate a list of rolling maximum element found until given moment
    in the sequence.
    >>> rolling_max([1, 2, 3, 2, 3, 4, 2])
    [1, 2, 3, 3, 3, 4, 4]
    """
    if not numbers:
        return []

    result = [numbers[0]]
    for num in numbers[1:]:
        result.append(max(result[-1], num))
    return result
Task id: 10, Extracted answer: def is_palindrome(string: str) -> bool:
    """ Test if given string is a palindrome """
    return string == string[::-1]


def make_palindrome(string: str) -> str:
    """ Find the shortest palindrome that begins with a supplied string.
    Algorithm idea is simple:
    - Find the longest postfix of supplied string that is a palindrome.
    - Append to the end of the string reverse of a string prefix that comes before the palindromic suffix.
    >>> make_palindrome('')
    ''
    >>> make_palindrome('cat')
    'catac'
    >>> make_palindrome('cata')
    'catac'
    """
    if is_palindrome(string):
        return string

    for i in range(len(string), -1, -1):
        if is_palindrome(string[i:]):
            return string + string[:i][::-1]

    return string
Task id: 11, Extracted answer: from typing import List


def string_xor(a: str, b: str) -> str:
    """ Input are two strings a and b consisting only of 1s and 0s.
    Perform binary XOR on these inputs and return result also as a string.
    >>> string_xor('010', '110')
    '100'
    """
    # Initialize an empty result string
    result = ""
    # Iterate over the characters in the strings
    for i in range(len(a)):
        # Perform XOR operation and append to the result string
        if a[i] == b[i]:
            result += '0'
        else:
            result += '1'
    return result
Task id: 12, Extracted answer: from typing import List, Optional


def longest(strings: List[str]) -> Optional[str]:
    """ Out of list of strings, return the longest one. Return the first one in case of multiple
    strings of the same length. Return None in case the input list is empty.
    >>> longest([])

    >>> longest(['a', 'b', 'c'])
    'a'
    >>> longest(['a', 'bb', 'ccc'])
    'ccc'
    """
    if not strings:
        return None
    longest_string = strings[0]
    for string in strings[1:]:
        if len(string) > len(longest_string):
            longest_string = string
    return longest_string
Task id: 13, Extracted answer: def greatest_common_divisor(a: int, b: int) -> int:
    """ Return a greatest common divisor of two integers a and b
    >>> greatest_common_divisor(3, 5)
    1
    >>> greatest_common_divisor(25, 15)
    5
    """
    while b:
        a, b = b, a % b
    return a
Task id: 14, Extracted answer: from typing import List


def all_prefixes(string: str) -> List[str]:
    """ Return list of all prefixes from shortest to longest of the input string
    >>> all_prefixes('abc')
    ['a', 'ab', 'abc']
    """
    return [string[:i] for i in range(1, len(string) + 1)]
Task id: 15, Extracted answer: def string_sequence(n: int) -> str:
    """ Return a string containing space-delimited numbers starting from 0 upto n inclusive.
    >>> string_sequence(0)
    '0'
    >>> string_sequence(5)
    '0 1 2 3 4 5'
    """
    return ' '.join(str(i) for i in range(n + 1))
Task id: 16, Extracted answer: def count_distinct_characters(string: str) -> int:
    """ Given a string, find out how many distinct characters (regardless of case) does it consist of
    >>> count_distinct_characters('xyzXYZ')
    3
    >>> count_distinct_characters('Jerry')
    4
    """
    # Convert the string to lowercase to ensure case-insensitivity
    lowercased_string = string.lower()
    # Use a set to store distinct characters
    distinct_chars = set(lowercased_string)
    # Return the number of distinct characters
    return len(distinct_chars)
Task id: 17, Extracted answer: from typing import List


def parse_music(music_string: str) -> List[int]:
    """ Input to this function is a string representing musical notes in a special ASCII format.
    Your task is to parse this string and return list of integers corresponding to how many beats does each
    not last.

    Here is a legend:
    'o' - whole note, lasts four beats
    'o|' - half note, lasts two beats
    '.|' - quater note, lasts one beat

    >>> parse_music('o o| .| o| o| .| .| .| .| o o')
    [4, 2, 1, 2, 2, 1, 1, 1, 1, 4, 4]
    """
    # Split the input string by spaces to get individual notes
    notes = music_string.split()
    # Initialize an empty list to store the number of beats for each note
    beats = []
    # Iterate over each note in the list
    for note in notes:
        # Check the type of note and append the corresponding number of beats to the list
        if note == 'o':
            beats.append(4)
        elif note == 'o|':
            beats.append(2)
        elif note == '.|':
            beats.append(1)
    # Return the list of beats
    return beats
Task id: 18, Extracted answer: def how_many_times(string: str, substring: str) -> int:
    """ Find how many times a given substring can be found in the original string. Count overlaping cases.
    >>> how_many_times('', 'a')
    0
    >>> how_many_times('aaa', 'a')
    3
    >>> how_many_times('aaaa', 'aa')
    3
    """
    count = 0
    start = 0
    while start < len(string):
        pos = string.find(substring, start)
        if pos != -1:
            count += 1
            start = pos + 1
        else:
            break
    return count
Task id: 19, Extracted answer: from typing import List, Tuple


def find_closest_elements(numbers: List[float]) -> Tuple[float, float]:
    """ From a supplied list of numbers (of length at least two) select and return two that are the closest to each
    other and return them in order (smaller number, larger number).
    >>> find_closest_elements([1.0, 2.0, 3.0, 4.0, 5.0, 2.2])
    (2.0, 2.2)
    >>> find_closest_elements([1.0, 2.0, 3.0, 4.0, 5.0, 2.0])
    (2.0, 2.0)
    """
    # Sort the list to make it easier to find the closest elements
    numbers.sort()
    # Initialize variables to store the closest pair and the smallest difference found
    closest_pair = (numbers[0], numbers[1])
    smallest_diff = abs(numbers[1] - numbers[0])
    # Iterate through the list to find the closest pair
    for i in range(1, len(numbers) - 1):
        diff = abs(numbers[i + 1] - numbers[i])
        if diff < smallest_diff:
            smallest_diff = diff
            closest_pair = (numbers[i], numbers[i + 1])
    return closest_pair
Task id: 20, Extracted answer: from typing import List, Any


def filter_integers(values: List[Any]) -> List[int]:
    """ Filter given list of any python values only for integers
    >>> filter_integers(['a', 3.14, 5])
    [5]
    >>> filter_integers([1, 2, 3, 'abc', {}, []])
    [1, 2, 3]
    """
    return [value for value in values if isinstance(value, int)]
Task id: 21, Extracted answer: def strlen(string: str) -> int:
    """ Return length of given string
    >>> strlen('')
    0
    >>> strlen('abc')
    3
    """
    return len(string)
Task id: 22, Extracted answer: def largest_divisor(n: int) -> int:
    """ For a given number n, find the largest number that divides n evenly, smaller than n
    >>> largest_divisor(15)
    5
    """
    for i in range(n-1, 0, -1):
        if n % i == 0:
            return i
    return 1
Task id: 23, Extracted answer: from typing import List


def factorize(n: int) -> List[int]:
    """ Return list of prime factors of given integer in the order from smallest to largest.
    Each of the factors should be listed number of times corresponding to how many times it appeares in factorization.
    Input number should be equal to the product of all factors
    >>> factorize(8)
    [2, 2, 2]
    >>> factorize(25)
    [5, 5]
    >>> factorize(70)
    [2, 5, 7]
    """
    factors = []
    # Divide n by 2 to remove all even factors
    while n % 2 == 0:
        factors.append(2)
        n //= 2
    # n must be odd at this point, so we can skip one element (Note i = i + 2)
    for i in range(3, int(n**0.5) + 1, 2):
        # While i divides n, append i and divide n
        while n % i == 0:
            factors.append(i)
            n //= i
    # This condition is to check if n is a prime number greater than 2
    if n > 2:
        factors.append(n)
    return factors
Task id: 24, Extracted answer: from typing import List


def remove_duplicates(numbers: List[int]) -> List[int]:
    """ From a list of integers, remove all elements that occur more than once.
    Keep order of elements left the same as in the input.
    >>> remove_duplicates([1, 2, 3, 2, 4])
    [1, 3, 4]
    """
    seen = set()
    result = []
    for number in numbers:
        if number not in seen:
            seen.add(number)
            result.append(number)
    return result
Task id: 25, Extracted answer: def flip_case(string: str) -> str:
    """ For a given string, flip lowercase characters to uppercase and uppercase to lowercase.
    >>> flip_case('Hello')
    'hELLO'
    """
    return string.swapcase()
Task id: 26, Extracted answer: from typing import List


def concatenate(strings: List[str]) -> str:
    """ Concatenate list of strings into a single string
    >>> concatenate([])
    ''
    >>> concatenate(['a', 'b', 'c'])
    'abc'
    """
    result = ""
    for string in strings:
        result += string
    return result
Task id: 27, Extracted answer: from typing import List


def filter_by_prefix(strings: List[str], prefix: str) -> List[str]:
    """ Filter an input list of strings only for ones that start with a given prefix.
    >>> filter_by_prefix([], 'a')
    []
    >>> filter_by_prefix(['abc', 'bcd', 'cde', 'array'], 'a')
    ['abc', 'array']
    """
    return [s for s in strings if s.startswith(prefix)]
Task id: 28, Extracted answer: def get_positive(l: list):
    """Return only positive numbers in the list.
    >>> get_positive([-1, 2, -4, 5, 6])
    [2, 5, 6]
    >>> get_positive([5, 3, -5, 2, -3, 3, 9, 0, 123, 1, -10])
    [5, 3, 2, 3, 9, 123, 1]
    """
    return [x for x in l if x > 0]
Task id: 29, Extracted answer: def is_prime(n):
    """Return true if a given number is prime, and false otherwise.
    >>> is_prime(6)
    False
    >>> is_prime(101)
    True
    >>> is_prime(11)
    True
    >>> is_prime(13441)
    True
    >>> is_prime(61)
    True
    >>> is_prime(4)
    False
    >>> is_prime(1)
    False
    """
    if n <= 1:
        return False
    if n <= 3:
        return True
    if n % 2 == 0 or n % 3 == 0:
        return False
    i = 5
    while i * i <= n:
        if n % i == 0 or n % (i + 2) == 0:
            return False
        i += 6
    return True
Task id: 30, Extracted answer: import math


def poly(xs: list, x: float):
    """
    Evaluates polynomial with coefficients xs at point x.
    return xs[0] + xs[1] * x + xs[1] * x^2 + .... xs[n] * x^n
    """
    return sum([coeff * math.pow(x, i) for i, coeff in enumerate(xs)])


def find_zero(xs: list):
    """ xs are coefficients of a polynomial.
    find_zero find x such that poly(x) = 0.
    find_zero returns only one zero point, even if there are many.
    Moreover, find_zero only takes list xs having even number of coefficients
    and largest non zero coefficient as it guarantees
    a solution.
    >>> round(find_zero([1, 2]), 2) # f(x) = 1 + 2x
    -0.5
    >>> round(find_zero([-6, 11, -6, 1]), 2) # (x - 1) * (x - 2) * (x - 3) = -6 + 11x - 6x^2 + x^3
    1.0
    """
    # Check if the number of coefficients is even
    if len(xs) % 2 != 0:
        raise ValueError("The number of coefficients must be even.")
    
    # Check if the largest non-zero coefficient is at the end
    if xs[-1] == 0:
        raise ValueError("The largest non-zero coefficient must be at the end.")
    
    # Use Newton's method to find a root
    x = 0.0
    while True:
        poly_val = poly(xs, x)
        poly_derivative_val = poly([i * coeff for i, coeff in enumerate(xs)], x)
        if abs(poly_val) < 1e-6:
            return round(x, 2)
        x -= poly_val / poly_derivative_val
Task id: 31, Extracted answer: def sort_third(l: list):
    """This function takes a list l and returns a list l' such that
    l' is identical to l in the indicies that are not divisible by three, while its values at the indicies that are divisible by three are equal
    to the values of the corresponding indicies of l, but sorted.
    >>> sort_third([1, 2, 3])
    [1, 2, 3]
    >>> sort_third([5, 6, 3, 4, 8, 9, 2])
    [2, 6, 3, 4, 8, 9, 5]
    """
    # Extract elements at indices divisible by three
    third_elements = [l[i] for i in range(2, len(l), 3)]
    # Sort the extracted elements
    third_elements.sort()
    # Create a new list to store the result
    result = l[:]
    # Replace elements at indices divisible by three with sorted elements
    for i, value in enumerate(third_elements):
        result[2 + i * 3] = value
    return result
Task id: 32, Extracted answer: def unique(l: list):
    """Return sorted unique elements in a list
    >>> unique([5, 3, 5, 2, 3, 3, 9, 0, 123])
    [0, 2, 3, 5, 9, 123]
    """
    return sorted(set(l))
Task id: 33, Extracted answer: def max_element(l: list):
    """Return maximum element in the list.
    >>> max_element([1, 2, 3])
    3
    >>> max_element([5, 3, -5, 2, -3, 3, 9, 0, 123, 1, -10])
    123
    """
    return max(l)
Task id: 34, Extracted answer: def fizz_buzz(n: int) -> int:
    """Return the number of times the digit 7 appears in integers less than n which are divisible by 11 or 13.
    >>> fizz_buzz(50)
    0
    >>> fizz_buzz(78)
    2
    >>> fizz_buzz(79)
    3
    """
    count = 0
    for i in range(1, n):
        if i % 11 == 0 or i % 13 == 0:
            count += str(i).count('7')
    return count
Task id: 35, Extracted answer: def sort_even(l: list):
    """This function takes a list l and returns a list l' such that
    l' is identical to l in the odd indicies, while its values at the even indicies are equal
    to the values of the even indicies of l, but sorted.
    >>> sort_even([1, 2, 3])
    [1, 2, 3]
    >>> sort_even([5, 6, 3, 4])
    [3, 6, 5, 4]
    """
    # Extract the elements at even indices
    even_elements = [l[i] for i in range(0, len(l), 2)]
    # Sort the extracted elements
    even_elements.sort()
    # Create a new list to store the result
    result = l[:]
    # Replace the elements at even indices with the sorted elements
    for i, value in enumerate(even_elements):
        result[2 * i] = value
    return result
Task id: 36, Extracted answer: def encode_cyclic(s: str):
    """
    returns encoded string by cycling groups of three characters.
    """
    # split string to groups. Each of length 3.
    groups = [s[(3 * i):min((3 * i + 3), len(s))] for i in range((len(s) + 2) // 3)]
    # cycle elements in each group. Unless group has fewer elements than 3.
    groups = [(group[1:] + group[0]) if len(group) == 3 else group for group in groups]
    return "".join(groups)

def decode_cyclic(s: str):
    """
    takes as input string encoded with encode_cyclic function. Returns decoded string.
    """
    # split string to groups. Each of length 3.
    groups = [s[(3 * i):min((3 * i + 3), len(s))] for i in range((len(s) + 2) // 3)]
    # reverse the cycle elements in each group. Unless group has fewer elements than 3.
    groups = [(group[-1] + group[:-1]) if len(group) == 3 else group for group in groups]
    return "".join(groups)
Task id: 37, Extracted answer: from typing import *
from collections import *

def prime_fib(n: int):
    """
    prime_fib returns n-th number that is a Fibonacci number and it's also prime.
    >>> prime_fib(1)
    2
    >>> prime_fib(2)
    3
    >>> prime_fib(3)
    5
    >>> prime_fib(4)
    13
    >>> prime_fib(5)
    89
    """
    def is_prime(num):
        if num <= 1:
            return False
        for i in range(2, int(num**0.5) + 1):
            if num % i == 0:
                return False
        return True

    def fibonacci():
        a, b = 0, 1
        while True:
            yield a
            a, b = b, a + b

    fib_gen = fibonacci()
    count = 0
    while True:
        fib_num = next(fib_gen)
        if is_prime(fib_num):
            count += 1
            if count == n:
                return fib_num
Task id: 38, Extracted answer: def triples_sum_to_zero(l: list):
    """
    triples_sum_to_zero takes a list of integers as an input.
    it returns True if there are three distinct elements in the list that
    sum to zero, and False otherwise.

    >>> triples_sum_to_zero([1, 3, 5, 0])
    False
    >>> triples_sum_to_zero([1, 3, -2, 1])
    True
    >>> triples_sum_to_zero([1, 2, 3, 7])
    False
    >>> triples_sum_to_zero([2, 4, -5, 3, 9, 7])
    True
    >>> triples_sum_to_zero([1])
    False
    """
    l.sort()
    n = len(l)
    for i in range(n - 2):
        left, right = i + 1, n - 1
        while left < right:
            current_sum = l[i] + l[left] + l[right]
            if current_sum == 0:
                return True
            elif current_sum < 0:
                left += 1
            else:
                right -= 1
    return False
Task id: 39, Extracted answer: def car_race_collision(n: int):
    """
    Imagine a road that's a perfectly straight infinitely long line.
    n cars are driving left to right;  simultaneously, a different set of n cars
    are driving right to left.   The two sets of cars start out being very far from
    each other.  All cars move in the same speed.  Two cars are said to collide
    when a car that's moving left to right hits a car that's moving right to left.
    However, the cars are infinitely sturdy and strong; as a result, they continue moving
    in their trajectory as if they did not collide.

    This function outputs the number of such collisions.
    """
    # Each car moving left to right will collide with each car moving right to left
    # Since there are n cars in each direction, the total number of collisions will be n * n
    return n * n
Task id: 40, Extracted answer: def incr_list(l: list):
    """Return list with elements incremented by 1.
    >>> incr_list([1, 2, 3])
    [2, 3, 4]
    >>> incr_list([5, 3, 5, 2, 3, 3, 9, 0, 123])
    [6, 4, 6, 3, 4, 4, 10, 1, 124]
    """
    return [x + 1 for x in l]
Task id: 41, Extracted answer: def pairs_sum_to_zero(l):
    """
    pairs_sum_to_zero takes a list of integers as an input.
    it returns True if there are two distinct elements in the list that
    sum to zero, and False otherwise.
    >>> pairs_sum_to_zero([1, 3, 5, 0])
    False
    >>> pairs_sum_to_zero([1, 3, -2, 1])
    False
    >>> pairs_sum_to_zero([1, 2, 3, 7])
    False
    >>> pairs_sum_to_zero([2, 4, -5, 3, 5, 7])
    True
    >>> pairs_sum_to_zero([1])
    False
    """
    # Create a set to store the elements we have seen so far
    seen = set()
    # Iterate through each element in the list
    for num in l:
        # Check if the negation of the current number is in the set
        if -num in seen:
            # If it is, we have found a pair that sums to zero
            return True
        # Add the current number to the set
        seen.add(num)
    # If we finish the loop without finding a pair, return False
    return False
Task id: 42, Extracted answer: def change_base(x: int, base: int):
    """Change numerical base of input number x to base.
    return string representation after the conversion.
    base numbers are less than 10.
    >>> change_base(8, 3)
    '22'
    >>> change_base(8, 2)
    '1000'
    >>> change_base(7, 2)
    '111'
    """
    if x == 0:
        return "0"
    digits = []
    while x:
        digits.append(int(x % base))
        x //= base
    return ''.join(str(x) for x in digits[::-1])
Task id: 43, Extracted answer: def triangle_area(a, h):
    """Given length of a side and high return area for a triangle.
    >>> triangle_area(5, 3)
    7.5
    """
    return 0.5 * a * h
Task id: 44, Extracted answer: def fib4(n: int):
    """The Fib4 number sequence is a sequence similar to the Fibbonacci sequnece that's defined as follows:
    fib4(0) -> 0
    fib4(1) -> 0
    fib4(2) -> 2
    fib4(3) -> 0
    fib4(n) -> fib4(n-1) + fib4(n-2) + fib4(n-3) + fib4(n-4).
    Please write a function to efficiently compute the n-th element of the fib4 number sequence.  Do not use recursion.
    >>> fib4(5)
    4
    >>> fib4(6)
    8
    >>> fib4(7)
    14
    """
    if n == 0 or n == 1 or n == 3:
        return 0
    elif n == 2:
        return 2
    else:
        a, b, c, d = 0, 0, 2, 0
        for _ in range(4, n + 1):
            a, b, c, d = b, c, d, a + b + c + d
        return d
Task id: 45, Extracted answer: def median(l: list):
    """Return median of elements in the list l.
    >>> median([3, 1, 2, 4, 5])
    3
    >>> median([-10, 4, 6, 1000, 10, 20])
    15.0
    """
    l.sort()
    n = len(l)
    mid = n // 2
    if n % 2 == 0:
        return (l[mid - 1] + l[mid]) / 2
    else:
        return l[mid]
Task id: 46, Extracted answer: def is_palindrome(text: str):
    """
    Checks if given string is a palindrome
    >>> is_palindrome('')
    True
    >>> is_palindrome('aba')
    True
    >>> is_palindrome('aaaaa')
    True
    >>> is_palindrome('zbcd')
    False
    """
    return text == text[::-1]
Task id: 47, Extracted answer: def modp(n: int, p: int):
    """Return 2^n modulo p (be aware of numerics).
    >>> modp(3, 5)
    3
    >>> modp(1101, 101)
    2
    >>> modp(0, 101)
    1
    >>> modp(3, 11)
    8
    >>> modp(100, 101)
    1
    """
    return pow(2, n, p)
Task id: 48, Extracted answer: def encode_shift(s: str):
    """
    returns encoded string by shifting every character by 5 in the alphabet.
    """
    return "".join([chr(((ord(ch) + 5 - ord("a")) % 26) + ord("a")) for ch in s])

def decode_shift(s: str):
    """
    takes as input string encoded with encode_shift function. Returns decoded string.
    """
    return "".join([chr(((ord(ch) - 5 - ord("a")) % 26) + ord("a")) for ch in s])
Task id: 49, Extracted answer: def remove_vowels(text):
    """
    remove_vowels is a function that takes string and returns string without vowels.
    >>> remove_vowels('')
    ''
    >>> remove_vowels("abcdef\nghijklm")
    'bcdf\nghjklm'
    >>> remove_vowels('abcdef')
    'bcdf'
    >>> remove_vowels('aaaaa')
    ''
    >>> remove_vowels('aaBAA')
    'B'
    >>> remove_vowels('zbcd')
    'zbcd'
    """
    vowels = 'aeiouAEIOU'
    return ''.join([char for char in text if char not in vowels])
Task id: 50, Extracted answer: def below_threshold(l: list, t: int):
    """Return True if all numbers in the list l are below threshold t.
    >>> below_threshold([1, 2, 4, 10], 100)
    True
    >>> below_threshold([1, 20, 4, 10], 5)
    False
    """
    return all(x < t for x in l)
Task id: 51, Extracted answer: def add(x: int, y: int) -> int:
    """Add two numbers x and y
    >>> add(2, 3)
    5
    >>> add(5, 7)
    12
    """
    return x + y
Task id: 52, Extracted answer: def same_chars(s0: str, s1: str):
    """
    Check if two words have the same characters.
    >>> same_chars('eabcdzzzz', 'dddzzzzzzzddeddabc')
    True
    >>> same_chars('abcd', 'dddddddabc')
    True
    >>> same_chars('dddddddabc', 'abcd')
    True
    >>> same_chars('eabcd', 'dddddddabc')
    False
    >>> same_chars('abcd', 'dddddddabce')
    False
    >>> same_chars('eabcdzzzz', 'dddzzzzzzzddddabc')
    False
    """
    # Create a dictionary to count occurrences of each character in the first string
    char_count = {}
    for char in s0:
        if char in char_count:
            char_count[char] += 1
        else:
            char_count[char] = 1
    
    # Decrease the count for each character found in the second string
    for char in s1:
        if char in char_count:
            char_count[char] -= 1
        else:
            # If a character in s1 is not in s0, return False
            return False
    
    # Check if all counts are zero
    for count in char_count.values():
        if count != 0:
            return False
    
    return True
Task id: 53, Extracted answer: def fib(n: int):
    """Return n-th Fibonacci number.
    >>> fib(10)
    55
    >>> fib(1)
    1
    >>> fib(8)
    21
    """
    if n <= 0:
        return 0
    elif n == 1:
        return 1
    else:
        a, b = 0, 1
        for _ in range(2, n + 1):
            a, b = b, a + b
        return b
Task id: 54, Extracted answer: def correct_bracketing(brackets: str) -> bool:
    stack = []
    for bracket in brackets:
        if bracket == '<':
            stack.append(bracket)
        elif bracket == '>':
            if not stack:
                return False
            stack.pop()
    return not stack
Task id: 55, Extracted answer: def monotonic(l: list):
    """Return True is list elements are monotonically increasing or decreasing.
    >>> monotonic([1, 2, 4, 20])
    True
    >>> monotonic([1, 20, 4, 10])
    False
    >>> monotonic([4, 1, 0, -10])
    True
    """
    if not l:
        return True  # An empty list is considered monotonic

    # Check if the list is monotonically increasing
    increasing = all(l[i] <= l[i + 1] for i in range(len(l) - 1))

    # Check if the list is monotonically decreasing
    decreasing = all(l[i] >= l[i + 1] for i in range(len(l) - 1))

    return increasing or decreasing
Task id: 56, Extracted answer: def common(l1: list, l2: list):
    """Return sorted unique common elements for two lists.
    >>> common([1, 4, 3, 34, 653, 2, 5], [5, 7, 1, 5, 9, 653, 121])
    [1, 5, 653]
    >>> common([5, 3, 2, 8], [3, 2])
    [2, 3]

    """
    # Convert both lists to sets to remove duplicates and allow for efficient intersection
    set1 = set(l1)
    set2 = set(l2)
    
    # Find the intersection of both sets to get common elements
    common_elements = set1.intersection(set2)
    
    # Convert the set of common elements back to a sorted list
    sorted_common_elements = sorted(list(common_elements))
    
    return sorted_common_elements
Task id: 57, Extracted answer: def largest_prime_factor(n: int):
    """Return the largest prime factor of n. Assume n > 1 and is not a prime.
    >>> largest_prime_factor(13195)
    29
    >>> largest_prime_factor(2048)
    2
    """
    def is_prime(num):
        if num <= 1:
            return False
        for i in range(2, int(num**0.5) + 1):
            if num % i == 0:
                return False
        return True

    largest_factor = 1
    for i in range(2, n + 1):
        if n % i == 0 and is_prime(i):
            largest_factor = i
    return largest_factor
Task id: 58, Extracted answer: def sum_to_n(n: int):
    """sum_to_n is a function that sums numbers from 1 to n.
    >>> sum_to_n(30)
    465
    >>> sum_to_n(100)
    5050
    >>> sum_to_n(5)
    15
    >>> sum_to_n(10)
    55
    >>> sum_to_n(1)
    1
    """
    return n * (n + 1) // 2
Task id: 59, Extracted answer: def correct_bracketing(brackets: str) -> bool:
    stack = []
    for bracket in brackets:
        if bracket == '(':
            stack.append(bracket)
        elif bracket == ')':
            if not stack:
                return False
            stack.pop()
    return not stack
Task id: 60, Extracted answer: def derivative(xs: list):
    """ xs represent coefficients of a polynomial.
    xs[0] + xs[1] * x + xs[2] * x^2 + ....
     Return derivative of this polynomial in the same form.
    >>> derivative([3, 1, 2, 4, 5])
    [1, 4, 12, 20]
    >>> derivative([1, 2, 3])
    [2, 6]
    """
    return [i * xs[i] for i in range(1, len(xs))]
Task id: 61, Extracted answer: def fibfib(n: int):
    """The FibFib number sequence is a sequence similar to the Fibbonacci sequnece that's defined as follows:
    fibfib(0) == 0
    fibfib(1) == 0
    fibfib(2) == 1
    fibfib(n) == fibfib(n-1) + fibfib(n-2) + fibfib(n-3).
    Please write a function to efficiently compute the n-th element of the fibfib number sequence.
    >>> fibfib(1)
    0
    >>> fibfib(5)
    4
    >>> fibfib(8)
    24
    """
    if n == 0 or n == 1:
        return 0
    elif n == 2:
        return 1
    else:
        a, b, c = 0, 0, 1
        for _ in range(3, n + 1):
            a, b, c = b, c, a + b + c
        return c
Task id: 62, Extracted answer: def vowels_count(s):
    """Write a function vowels_count which takes a string representing
    a word as input and returns the number of vowels in the string.
    Vowels in this case are 'a', 'e', 'i', 'o', 'u'. Here, 'y' is also a
    vowel, but only when it is at the end of the given word.

    Example:
    >>> vowels_count("abcde")
    2
    >>> vowels_count("ACEDY")
    3
    """
    vowels = "aeiouAEIOU"
    count = 0
    for char in s:
        if char in vowels:
            count += 1
    if s.endswith('y') or s.endswith('Y'):
        count += 1
    return count
Task id: 63, Extracted answer: def circular_shift(x, shift):
    """Circular shift the digits of the integer x, shift the digits right by shift
    and return the result as a string.
    If shift > number of digits, return digits reversed.
    >>> circular_shift(12, 1)
    "21"
    >>> circular_shift(12, 2)
    "12"
    """
    digits = str(x)
    n = len(digits)
    if shift > n:
        return digits[::-1]
    else:
        shift = shift % n  # Handle shift > n
        return digits[-shift:] + digits[:-shift]
Task id: 64, Extracted answer: def digitSum(s):
    """Task
    Write a function that takes a string as input and returns the sum of the upper characters only'
    ASCII codes.

    Examples:
        digitSum("") => 0
        digitSum("abAB") => 131
        digitSum("abcCd") => 67
        digitSum("helloE") => 69
        digitSum("woArBld") => 131
        digitSum("aAaaaXa") => 153
    """
    return sum(ord(c) for c in s if c.isupper())
Task id: 65, Extracted answer: def fruit_distribution(s, n):
    """
    In this task, you will be given a string that represents a number of apples and oranges 
    that are distributed in a basket of fruit this basket contains 
    apples, oranges, and mango fruits. Given the string that represents the total number of 
    the oranges and apples and an integer that represent the total number of the fruits 
    in the basket return the number of the mango fruits in the basket.
    for examble:
    fruit_distribution("5 apples and 6 oranges", 19) ->19 - 5 - 6 = 8
    fruit_distribution("0 apples and 1 oranges",3) -> 3 - 0 - 1 = 2
    fruit_distribution("2 apples and 3 oranges", 100) -> 100 - 2 - 3 = 95
    fruit_distribution("100 apples and 1 oranges",120) -> 120 - 100 - 1 = 19
    """
    # Split the string to get the number of apples and oranges
    parts = s.split()
    apples = int(parts[0])
    oranges = int(parts[3])
    
    # Calculate the number of mango fruits
    mangoes = n - apples - oranges
    
    return mangoes
Task id: 66, Extracted answer: def pluck(arr):
    """
    "Given an array representing a branch of a tree that has non-negative integer nodes
    your task is to pluck one of the nodes and return it.
    The plucked node should be the node with the smallest even value.
    If multiple nodes with the same smallest even value are found return the node that has smallest index.

    The plucked node should be returned in a list, [ smalest_value, its index ],
    If there are no even values or the given array is empty, return [].

    Example 1:
        Input: [4,2,3]
        Output: [2, 1]
        Explanation: 2 has the smallest even value, and 2 has the smallest index.

    Example 2:
        Input: [1,2,3]
        Output: [2, 1]
        Explanation: 2 has the smallest even value, and 2 has the smallest index. 

    Example 3:
        Input: []
        Output: []
    
    Example 4:
        Input: [5, 0, 3, 0, 4, 2]
        Output: [0, 1]
        Explanation: 0 is the smallest value, but  there are two zeros,
                     so we will choose the first zero, which has the smallest index.

    Constraints:
        * 1 <= nodes.length <= 10000
        * 0 <= node.value
    """
    # Initialize variables to store the smallest even value and its index
    smallest_even = float('inf')
    smallest_index = -1
    
    # Iterate through the array to find the smallest even value and its index
    for i, value in enumerate(arr):
        if value % 2 == 0 and value < smallest_even:
            smallest_even = value
            smallest_index = i
    
    # If no even value was found, return an empty list
    if smallest_index == -1:
        return []
    
    # Return the smallest even value and its index in a list
    return [smallest_even, smallest_index]
Task id: 67, Extracted answer: def search(lst):
    '''
    You are given a non-empty list of positive integers. Return the greatest integer that is greater than 
    zero, and has a frequency greater than or equal to the value of the integer itself. 
    The frequency of an integer is the number of times it appears in the list.
    If no such a value exist, return -1.
    Examples:
        search([4, 1, 2, 2, 3, 1]) == 2
        search([1, 2, 2, 3, 3, 3, 4, 4, 4]) == 3
        search([5, 5, 4, 4, 4]) == -1
    '''
    from collections import Counter
    freq = Counter(lst)
    max_val = -1
    for num, count in freq.items():
        if num <= count and num > max_val:
            max_val = num
    return max_val
Task id: 68, Extracted answer: def strange_sort_list(lst):
    '''
    Given list of integers, return list in strange order.
    Strange sorting, is when you start with the minimum value,
    then maximum of the remaining integers, then minimum and so on.

    Examples:
    strange_sort_list([1, 2, 3, 4]) == [1, 4, 2, 3]
    strange_sort_list([5, 5, 5, 5]) == [5, 5, 5, 5]
    strange_sort_list([]) == []
    '''
    result = []
    while lst:
        if lst:
            result.append(min(lst))
            lst.remove(min(lst))
        if lst:
            result.append(max(lst))
            lst.remove(max(lst))
    return result
Task id: 69, Extracted answer: def triangle_area(a, b, c):
    '''
    Given the lengths of the three sides of a triangle. Return the area of
    the triangle rounded to 2 decimal points if the three sides form a valid triangle. 
    Otherwise return -1
    Three sides make a valid triangle when the sum of any two sides is greater 
    than the third side.
    Example:
    triangle_area(3, 4, 5) == 6.00
    triangle_area(1, 2, 10) == -1
    '''
    if a + b > c and a + c > b and b + c > a:
        s = (a + b + c) / 2
        area = (s * (s - a) * (s - b) * (s - c)) ** 0.5
        return round(area, 2)
    else:
        return -1
Task id: 70, Extracted answer: def will_it_fly(q, w):
    '''
    Write a function that returns True if the object q will fly, and False otherwise.
    The object q will fly if it's balanced (it is a palindromic list) and the sum of its elements is less than or equal the maximum possible weight w.

    Example:
    will_it_fly([1, 2], 5) ➞ False 
    # 1+2 is less than the maximum possible weight, but it's unbalanced.

    will_it_fly([3, 2, 3], 1) ➞ False
    # it's balanced, but 3+2+3 is more than the maximum possible weight.

    will_it_fly([3, 2, 3], 9) ➞ True
    # 3+2+3 is less than the maximum possible weight, and it's balanced.

    will_it_fly([3], 5) ➞ True
    # 3 is less than the maximum possible weight, and it's balanced.
    '''
    # Check if the list is balanced (palindromic)
    if q != q[::-1]:
        return False
    
    # Check if the sum of the elements is less than or equal to the maximum possible weight
    if sum(q) > w:
        return False
    
    return True
Task id: 71, Extracted answer: def smallest_change(arr):
    """
    Given an array arr of integers, find the minimum number of elements that
    need to be changed to make the array palindromic. A palindromic array is an array that
    is read the same backwards and forwards. In one change, you can change one element to any other element.

    For example:
    smallest_change([1,2,3,5,4,7,9,6]) == 4
    smallest_change([1, 2, 3, 4, 3, 2, 2]) == 1
    smallest_change([1, 2, 3, 2, 1]) == 0
    """
    n = len(arr)
    changes = 0
    for i in range(n // 2):
        if arr[i] != arr[n - i - 1]:
            changes += 1
    return changes
Task id: 72, Extracted answer: def total_match(lst1, lst2):
    '''
    Write a function that accepts two lists of strings and returns the list that has 
    total number of chars in the all strings of the list less than the other list.

    if the two lists have the same number of chars, return the first list.

    Examples
    total_match([], []) ➞ []
    total_match(['hi', 'admin'], ['hI', 'Hi']) ➞ ['hI', 'Hi']
    total_match(['hi', 'admin'], ['hi', 'hi', 'admin', 'project']) ➞ ['hi', 'admin']
    total_match(['hi', 'admin'], ['hI', 'hi', 'hi']) ➞ ['hI', 'hi', 'hi']
    total_match(['4'], ['1', '2', '3', '4', '5']) ➞ ['4']
    '''
    # Calculate the total number of characters in each list
    total_chars_lst1 = sum(len(s) for s in lst1)
    total_chars_lst2 = sum(len(s) for s in lst2)
    
    # Compare the total number of characters and return the list with fewer characters
    if total_chars_lst1 < total_chars_lst2:
        return lst1
    else:
        return lst2
Task id: 73, Extracted answer: def is_multiply_prime(a):
    """Write a function that returns true if the given number is the multiplication of 3 prime numbers
    and false otherwise.
    Knowing that (a) is less then 100. 
    Example:
    is_multiply_prime(30) == True
    30 = 2 * 3 * 5
    """
    def is_prime(n):
        if n <= 1:
            return False
        for i in range(2, int(n**0.5) + 1):
            if n % i == 0:
                return False
        return True

    primes = [i for i in range(2, 100) if is_prime(i)]
    for i in primes:
        for j in primes:
            for k in primes:
                if i * j * k == a:
                    return True
    return False
Task id: 74, Extracted answer: def is_simple_power(x, n):
    """Your task is to write a function that returns true if a number x is a simple
    power of n and false in other cases.
    x is a simple power of n if n**int=x
    For example:
    is_simple_power(1, 4) => true
    is_simple_power(2, 2) => true
    is_simple_power(8, 2) => true
    is_simple_power(3, 2) => false
    is_simple_power(3, 1) => false
    is_simple_power(5, 3) => false
    """
    if x == 1:
        return True
    if n == 1:
        return x == 1
    if n == 0:
        return x == 0
    if x < n:
        return False
    if x % n != 0:
        return False
    return is_simple_power(x // n, n)
Task id: 75, Extracted answer: def iscube(a):
    '''
    Write a function that takes an integer a and returns True 
    if this integer is is a cube of some integer number.
    Note: you may assume the input is always valid.
    Examples:
    iscube(1) ==> True
    iscube(2) ==> False
    iscube(-1) ==> True
    iscube(64) ==> True
    iscube(0) ==> True
    iscube(180) ==> False
    '''
    # Calculate the cube root of the absolute value of a
    cube_root = abs(a) ** (1/3)
    # Check if the cube root is an integer by comparing it to its rounded value
    return cube_root == round(cube_root)
Task id: 76, Extracted answer: def hex_key(num):
    """You have been tasked to write a function that receives 
    a hexadecimal number as a string and counts the number of hexadecimal 
    digits that are primes (prime number, or a prime, is a natural number 
    greater than 1 that is not a product of two smaller natural numbers).
    Hexadecimal digits are 0, 1, 2, 3, 4, 5, 6, 7, 8, 9, A, B, C, D, E, F.
    Prime numbers are 2, 3, 5, 7, 11, 13, 17,...
    So you have to determine a number of the following digits: 2, 3, 5, 7, 
    B (=decimal 11), D (=decimal 13).
    Note: you may assume the input is always correct or empty string, 
    and symbols A,B,C,D,E,F are always uppercase.
    Examples:
    For num = "AB" the output should be 1.
    For num = "1077E" the output should be 2.
    For num = "ABED1A33" the output should be 4.
    For num = "123456789ABCDEF0" the output should be 6.
    For num = "2020" the output should be 2.
    """
    # Define the set of prime hexadecimal digits
    prime_hex_digits = {'2', '3', '5', '7', 'B', 'D'}
    
    # Initialize a counter for prime digits
    prime_count = 0
    
    # Iterate through each character in the input string
    for char in num:
        # Check if the character is a prime hexadecimal digit
        if char in prime_hex_digits:
            # Increment the counter if it is
            prime_count += 1
    
    # Return the total count of prime hexadecimal digits
    return prime_count
Task id: 77, Extracted answer: def decimal_to_binary(decimal):
    """You will be given a number in decimal form and your task is to convert it
    binary binary format format. function should return a string, with each character representing a binary
    number. Each character in the string will be '0' or '1'.

    There will be an extra couple of characters 'db' at the beginning and at the end of the string.
    The extra characters are there to help with the format.

    Examples:
    decimal_to_binary(15)   # returns "db1111db"
    decimal_to_binary(32)   # returns "db100000db"
    """
    if decimal == 0:
        return "db0db"
    binary = ""
    while decimal > 0:
        binary = str(decimal % 2) + binary
        decimal = decimal // 2
    return "db" + binary + "db"
Task id: 78, Extracted answer: def is_happy(s):
    """You are given a string s.
    Your task is to check if the string is happy or not.
    A string is happy if its length is at least 3 and every 3 consecutive letters are distinct
    For example:
    is_happy(a) => False
    is_happy(aa) => False
    is_happy(abcd) => True
    is_happy(aabb) => False
    is_happy(adb) => True
    is_happy(xyy) => False
    """
    if len(s) < 3:
        return False
    for i in range(len(s) - 2):
        if s[i] == s[i+1] or s[i] == s[i+2] or s[i+1] == s[i+2]:
            return False
    return True
Task id: 79, Extracted answer: def numerical_letter_grade(grades):
    """It is the last week of the semester and the teacher has to give the grades
    to students. The teacher has been making her own algorithm for grading.
    The only problem is, she has lost the code she used for grading.
    She has given you a list of GPAs for some students and you have to write 
    a function that can output a list of letter grades using the following table:
             GPA       |    Letter grade
              4.0                A+
            > 3.7                A 
            > 3.3                A- 
            > 3.0                B+
            > 2.7                B 
            > 2.3                B-
            > 2.0                C+
            > 1.7                C
            > 1.3                C-
            > 1.0                D+ 
            > 0.7                D 
            > 0.0                D-
              0.0                E
    

    Example:
    grade_equation([4.0, 3, 1.7, 2, 3.5]) ==> ['A+', 'B', 'C-', 'C', 'A-']
    """
    letter_grades = []
    for grade in grades:
        if grade == 4.0:
            letter_grades.append('A+')
        elif grade > 3.7:
            letter_grades.append('A')
        elif grade > 3.3:
            letter_grades.append('A-')
        elif grade > 3.0:
            letter_grades.append('B+')
        elif grade > 2.7:
            letter_grades.append('B')
        elif grade > 2.3:
            letter_grades.append('B-')
        elif grade > 2.0:
            letter_grades.append('C+')
        elif grade > 1.7:
            letter_grades.append('C')
        elif grade > 1.3:
            letter_grades.append('C-')
        elif grade > 1.0:
            letter_grades.append('D+')
        elif grade > 0.7:
            letter_grades.append('D')
        elif grade > 0.0:
            letter_grades.append('D-')
        else:
            letter_grades.append('E')
    return letter_grades
Task id: 80, Extracted answer: from typing import *
from collections import *

def prime_length(string):
    """Write a function that takes a string and returns True if the string
    length is a prime number or False otherwise
    Examples
    prime_length('Hello') == True
    prime_length('abcdcba') == True
    prime_length('kittens') == True
    prime_length('orange') == False
    """
    def is_prime(n):
        if n <= 1:
            return False
        for i in range(2, int(n**0.5) + 1):
            if n % i == 0:
                return False
        return True

    return is_prime(len(string))
Task id: 81, Extracted answer: def starts_one_ends(n):
    """
    Given a positive integer n, return the count of the numbers of n-digit
    positive integers that start or end with 1.
    """
    if n == 1:
        return 1
    else:
        return 2 * 9 ** (n - 1) - 8 ** (n - 2)
Task id: 82, Extracted answer: def solve(N):
    """Given a positive integer N, return the total sum of its digits in binary.
    
    Example
        For N = 1000, the sum of digits will be 1 the output should be "1".
        For N = 150, the sum of digits will be 6 the output should be "110".
        For N = 147, the sum of digits will be 12 the output should be "1100".
    
    Variables:
        @N integer
             Constraints: 0 ≤ N ≤ 10000.
    Output:
         a string of binary number
    """
    # Convert the number to a string to iterate over each digit
    digit_sum = sum(int(digit) for digit in str(N))
    # Convert the sum of digits to binary and return it as a string
    return bin(digit_sum)[2:]
Task id: 83, Extracted answer: def add(lst):
    """Given a non-empty list of integers lst. add the even elements that are at odd indices..


    Examples:
        add([4, 2, 6, 7]) ==> 2 
    """
    return sum(lst[i] for i in range(1, len(lst), 2) if lst[i] % 2 == 0)
Task id: 84, Extracted answer: def anti_shuffle(s):
    """
    Write a function that takes a string and returns an ordered version of it.
    Ordered version of string, is a string where all words (separated by space)
    are replaced by a new word where all the characters arranged in
    ascending order based on ascii value.
    Note: You should keep the order of words and blank spaces in the sentence.

    For example:
    anti_shuffle('Hi') returns 'Hi'
    anti_shuffle('hello') returns 'ehllo'
    anti_shuffle('Hello World!!!') returns 'Hello !!!Wdlor'
    """
    words = s.split(' ')
    ordered_words = [''.join(sorted(word)) for word in words]
    return ' '.join(ordered_words)
Task id: 85, Extracted answer: def get_row(lst, x):
    """
    You are given a 2 dimensional data, as a nested lists,
    which is similar to matrix, however, unlike matrices,
    each row may contain a different number of columns.
    Given lst, and integer x, find integers x in the list,
    and return list of tuples, [(x1, y1), (x2, y2) ...] such that
    each tuple is a coordinate - (row, columns), starting with 0.
    Sort coordinates initially by rows in ascending order.
    Also, sort coordinates of the row by columns in descending order.
    
    Examples:
    get_row([
      [1,2,3,4,5,6],
      [1,2,3,4,1,6],
      [1,2,3,4,5,1]
    ], 1) == [(0, 0), (1, 4), (1, 0), (2, 5), (2, 0)]
    get_row([], 1) == []
    get_row([[], [1], [1, 2, 3]], 3) == [(2, 2)]
    """
    result = []
    for i, row in enumerate(lst):
        for j, value in enumerate(row):
            if value == x:
                result.append((i, j))
    result.sort(key=lambda x: (x[0], -x[1]))
    return result
Task id: 86, Extracted answer: def sort_array(array):
    """
    Given an array of non-negative integers, return a copy of the given array after sorting,
    you will sort the given array in ascending order if the sum( first index value, last index value) is odd,
    or sort it in descending order if the sum( first index value, last index value) is even.

    Note:
    * don't change the given array.

    Examples:
    * sort_array([]) => []
    * sort_array([5]) => [5]
    * sort_array([2, 4, 3, 0, 1, 5]) => [0, 1, 2, 3, 4, 5]
    * sort_array([2, 4, 3, 0, 1, 5, 6]) => [6, 5, 4, 3, 2, 1, 0]
    """
    if not array:
        return []
    if len(array) == 1:
        return array
    if (array[0] + array[-1]) % 2 == 0:
        return sorted(array, reverse=True)
    else:
        return sorted(array)
Task id: 87, Extracted answer: def encrypt(s):
    """Create a function encrypt that takes a string as an argument and
    returns a string encrypted with the alphabet being rotated. 
    The alphabet should be rotated in a manner such that the letters 
    shift down by two multiplied to two places.
    For example:
    encrypt('hi') returns 'lm'
    encrypt('asdfghjkl') returns 'ewhjklnop'
    encrypt('gf') returns 'kj'
    encrypt('et') returns 'ix'
    """
    result = ""
    for char in s:
        if char.isalpha():
            shift = (ord(char.lower()) - ord('a') + 2 * 2) % 26
            if char.islower():
                result += chr(ord('a') + shift)
            else:
                result += chr(ord('A') + shift)
        else:
            result += char
    return result
Task id: 88, Extracted answer: def next_smallest(lst):
    """
    You are given a list of integers.
    Write a function next_smallest() that returns the 2nd smallest element of the list.
    Return None if there is no such element.
    
    next_smallest([1, 2, 3, 4, 5]) == 2
    next_smallest([5, 1, 4, 3, 2]) == 2
    next_smallest([]) == None
    next_smallest([1, 1]) == None
    """
    if len(lst) < 2:
        return None
    unique_lst = list(set(lst))
    if len(unique_lst) < 2:
        return None
    unique_lst.sort()
    return unique_lst[1]
Task id: 89, Extracted answer: def is_bored(S):
    """
    You'll be given a string of words, and your task is to count the number
    of boredoms. A boredom is a sentence that starts with the word "I".
    Sentences are delimited by '.', '?' or '!'.
   
    For example:
    >>> is_bored("Hello world")
    0
    >>> is_bored("The sky is blue. The sun is shining. I love this weather")
    1
    """
    sentences = S.split('.')
    boredom_count = 0
    for sentence in sentences:
        words = sentence.split()
        if words and words[0].strip().lower() == "i":
            boredom_count += 1
    return boredom_count
Task id: 90, Extracted answer: def any_int(x, y, z):
    '''
    Create a function that takes 3 numbers.
    Returns true if one of the numbers is equal to the sum of the other two, and all numbers are integers.
    Returns false in any other cases.
    
    Examples
    any_int(5, 2, 7) ➞ True
    
    any_int(3, 2, 2) ➞ False

    any_int(3, -2, 1) ➞ True
    
    any_int(3.6, -2.2, 2) ➞ False
Task id: 91, Extracted answer: def encode(message):
    """
    Write a function that takes a message, and encodes in such a 
    way that it swaps case of all letters, replaces all vowels in 
    the message with the letter that appears 2 places ahead of that 
    vowel in the english alphabet. 
    Assume only letters. 
    
    Examples:
    >>> encode('test')
    'TGST'
    >>> encode('This is a message')
    'tHKS KS C MGSSCGG'
    """
    vowels = 'aeiou'
    encoded_message = ''
    for char in message:
        if char.isalpha():
            if char.islower():
                char = char.upper()
            else:
                char = char.lower()
            if char in vowels:
                index = vowels.index(char)
                char = vowels[(index + 2) % 5]
        encoded_message += char
    return encoded_message
Task id: 92, Extracted answer: def skjkasdkd(lst):
    """You are given a list of integers.
    You need to find the largest prime value and return the sum of its digits.

    Examples:
    For lst = [0,3,2,1,3,5,7,4,5,5,5,2,181,32,4,32,3,2,32,324,4,3] the output should be 10
    For lst = [1,0,1,8,2,4597,2,1,3,40,1,2,1,2,4,2,5,1] the output should be 25
    For lst = [1,3,1,32,5107,34,83278,109,163,23,2323,32,30,1,9,3] the output should be 13
    For lst = [0,724,32,71,99,32,6,0,5,91,83,0,5,6] the output should be 11
    For lst = [0,81,12,3,1,21] the output should be 3
    For lst = [0,8,1,2,1,7] the output should be 7
    """
    def is_prime(n):
        if n <= 1:
            return False
        for i in range(2, int(n**0.5) + 1):
            if n % i == 0:
                return False
        return True

    max_prime = 0
    for num in lst:
        if is_prime(num) and num > max_prime:
            max_prime = num

    return sum(int(digit) for digit in str(max_prime))
Task id: 93, Extracted answer: def check_dict_case(dict):
    """
    Given a dictionary, return True if all keys are strings in lower 
    case or all keys are strings in upper case, else return False.
    The function should return False is the given dictionary is empty.
    Examples:
    check_dict_case({"a":"apple", "b":"banana"}) should return True.
    check_dict_case({"a":"apple", "A":"banana", "B":"banana"}) should return False.
    check_dict_case({"a":"apple", 8:"banana", "a":"apple"}) should return False.
    check_dict_case({"Name":"John", "Age":"36", "City":"Houston"}) should return False.
    check_dict_case({"STATE":"NC", "ZIP":"12345" }) should return True.
    """
    if not dict:
        return False

    all_lower = all(key.islower() for key in dict if isinstance(key, str))
    all_upper = all(key.isupper() for key in dict if isinstance(key, str))

    return all_lower or all_upper
Task id: 94, Extracted answer: def count_up_to(n):
    """Implement a function that takes an non-negative integer and returns an array of the first n
    integers that are prime numbers and less than n.
    for example:
    count_up_to(5) => [2,3]
    count_up_to(11) => [2,3,5,7]
    count_up_to(0) => []
    count_up_to(20) => [2,3,5,7,11,13,17,19]
    count_up_to(1) => []
    count_up_to(18) => [2,3,5,7,11,13,17]
    """
    def is_prime(num):
        if num <= 1:
            return False
        for i in range(2, int(num**0.5) + 1):
            if num % i == 0:
                return False
        return True

    primes = []
    for i in range(2, n):
        if is_prime(i):
            primes.append(i)
        if len(primes) == n:
            break
    return primes
Task id: 95, Extracted answer: def multiply(a, b):
    """Complete the function that takes two integers and returns 
    the product of their unit digits.
    Assume the input is always valid.
    Examples:
    multiply(148, 412) should return 16.
    multiply(19, 28) should return 72.
    multiply(2020, 1851) should return 0.
    multiply(14,-15) should return 20.
    """
    # Extract the unit digit of each number
    unit_digit_a = abs(a) % 10
    unit_digit_b = abs(b) % 10
    
    # Calculate the product of the unit digits
    product = unit_digit_a * unit_digit_b
    
    return product
Task id: 96, Extracted answer: def count_upper(s):
    """
    Given a string s, count the number of uppercase vowels in even indices.
    
    For example:
    count_upper('aBCdEf') returns 1
    count_upper('abcdefg') returns 0
    count_upper('dBBE') returns 0
    """
    vowels = "AEIOU"
    count = 0
    for i in range(0, len(s), 2):  # Iterate over even indices
        if s[i] in vowels:
            count += 1
    return count
Task id: 97, Extracted answer: def closest_integer(value):
    '''
    Create a function that takes a value (string) representing a number
    and returns the closest integer to it. If the number is equidistant
    from two integers, round it away from zero.

    Examples
    >>> closest_integer("10")
    10
    >>> closest_integer("15.3")
    15

    Note:
    Rounding away from zero means that if the given number is equidistant
    from two integers, the one you should return is the one that is the
    farthest from zero. For example closest_integer("14.5") should
    return 15 and closest_integer("-14.5") should return -15.
    '''
    # Convert the input string to a float
    num = float(value)
    
    # Check if the number is positive or negative
    if num > 0:
        # Round away from zero for positive numbers
        return int(num + 0.5)
    else:
        # Round away from zero for negative numbers
        return int(num - 0.5)
Task id: 98, Extracted answer: def make_a_pile(n):
    """
    Given a positive integer n, you have to make a pile of n levels of stones.
    The first level has n stones.
    The number of stones in the next level is:
        - the next odd number if n is odd.
        - the next even number if n is even.
    Return the number of stones in each level in a list, where element at index
    i represents the number of stones in the level (i+1).

    Examples:
    >>> make_a_pile(3)
    [3, 5, 7]
    """
    pile = []
    current_stones = n
    for _ in range(n):
        pile.append(current_stones)
        if n % 2 == 0:
            current_stones += 2
        else:
            current_stones += 2
    return pile
Task id: 99, Extracted answer: def words_string(s):
    """
    You will be given a string of words separated by commas or spaces. Your task is
    to split the string into words and return an array of the words.
    
    For example:
    words_string("Hi, my name is John") == ["Hi", "my", "name", "is", "John"]
    words_string("One, two, three, four, five, six") == ["One", "two", "three", "four", "five", "six"]
    """
    # Split the string by commas and spaces, then filter out any empty strings
    words = [word.strip() for word in s.replace(',', ' ').split() if word.strip()]
    return words
Task id: 100, Extracted answer: def choose_num(x, y):
    """This function takes two positive numbers x and y and returns the
    biggest even integer number that is in the range [x, y] inclusive. If 
    there's no such number, then the function should return -1.

    For example:
    choose_num(12, 15) = 14
    choose_num(13, 12) = -1
    """
    if x > y:
        return -1
    if y % 2 == 0:
        return y
    if (y - 1) >= x:
        return y - 1
    return -1
Task id: 101, Extracted answer: def rounded_avg(n, m):
    """You are given two positive integers n and m, and your task is to compute the
    average of the integers from n through m (including n and m). 
    Round the answer to the nearest integer and convert that to binary.
    If n is greater than m, return -1.
    Example:
    rounded_avg(1, 5) => "0b11"
    rounded_avg(7, 5) => -1
    rounded_avg(10, 20) => "0b1111"
    rounded_avg(20, 33) => "0b11010"
    """
    if n > m:
        return -1
    else:
        total = sum(range(n, m + 1))
        average = round(total / (m - n + 1))
        return bin(average)
Task id: 102, Extracted answer: def unique_digits(x):
    """Given a list of positive integers x. return a sorted list of all 
    elements that hasn't any even digit.

    Note: Returned list should be sorted in increasing order.
    
    For example:
    >>> unique_digits([15, 33, 1422, 1])
    [1, 15, 33]
    >>> unique_digits([152, 323, 1422, 10])
    []
    """
    def has_no_even_digits(n):
        while n > 0:
            digit = n % 10
            if digit % 2 == 0:
                return False
            n //= 10
        return True

    result = [num for num in x if has_no_even_digits(num)]
    return sorted(result)
Task id: 103, Extracted answer: def by_length(arr):
    """
    Given an array of integers, sort the integers that are between 1 and 9 inclusive,
    reverse the resulting array, and then replace each digit by its corresponding name from
    "One", "Two", "Three", "Four", "Five", "Six", "Seven", "Eight", "Nine".

    For example:
      arr = [2, 1, 1, 4, 5, 8, 2, 3]   
            -> sort arr -> [1, 1, 2, 2, 3, 4, 5, 8] 
            -> reverse arr -> [8, 5, 4, 3, 2, 2, 1, 1]
      return ["Eight", "Five", "Four", "Three", "Two", "Two", "One", "One"]
    
      If the array is empty, return an empty array:
      arr = []
      return []
    
      If the array has any strange number ignore it:
      arr = [1, -1 , 55] 
            -> sort arr -> [-1, 1, 55]
            -> reverse arr -> [55, 1, -1]
      return = ['One']
    """
    # Filter out numbers not between 1 and 9
    filtered_arr = [num for num in arr if 1 <= num <= 9]
    
    # Sort the filtered array
    sorted_arr = sorted(filtered_arr)
    
    # Reverse the sorted array
    reversed_arr = sorted_arr[::-1]
    
    # Replace each digit by its corresponding name
    digit_names = {
        1: "One", 2: "Two", 3: "Three", 4: "Four", 5: "Five",
        6: "Six", 7: "Seven", 8: "Eight", 9: "Nine"
    }
    
    result = [digit_names[num] for num in reversed_arr]
    
    return result
Task id: 104, Extracted answer: def f(n):
    """ Implement the function f that takes n as a parameter,
    and returns a list of size n, such that the value of the element at index i is the factorial of i if i is even
    or the sum of numbers from 1 to i otherwise.
    i starts from 1.
    the factorial of i is the multiplication of the numbers from 1 to i (1 * 2 * ... * i).
    Example:
    f(5) == [1, 2, 6, 24, 15]
    """
    def factorial(x):
        if x == 0:
            return 1
        else:
            return x * factorial(x - 1)

    def sum_numbers(x):
        return sum(range(1, x + 1))

    result = []
    for i in range(1, n + 1):
        if i % 2 == 0:
            result.append(factorial(i))
        else:
            result.append(sum_numbers(i))
    return result
Task id: 105, Extracted answer: def even_odd_palindrome(n):
    """
    Given a positive integer n, return a tuple that has the number of even and odd
    integer palindromes that fall within the range(1, n), inclusive.

    Example 1:

        Input: 3
        Output: (1, 2)
        Explanation:
        Integer palindrome are 1, 2, 3. one of them is even, and two of them are odd.

    Example 2:

        Input: 12
        Output: (4, 6)
        Explanation:
        Integer palindrome are 1, 2, 3, 4, 5, 6, 7, 8, 9, 11. four of them are even, and 6 of them are odd.

    Note:
        1. 1 <= n <= 10^3
        2. returned tuple has the number of even and odd integer palindromes respectively.
    """
    even_count = 0
    odd_count = 0
    for i in range(1, n + 1):
        if str(i) == str(i)[::-1]:
            if i % 2 == 0:
                even_count += 1
            else:
                odd_count += 1
    return (even_count, odd_count)
Task id: 106, Extracted answer: def count_nums(arr):
    """
    Write a function count_nums which takes an array of integers and returns
    the number of elements which has a sum of digits > 0.
    If a number is negative, then its first signed digit will be negative:
    e.g. -123 has signed digits -1, 2, and 3.
    >>> count_nums([]) == 0
    >>> count_nums([-1, 11, -11]) == 1
    >>> count_nums([1, 1, 2]) == 3
    """
    def sum_of_digits(n):
        if n == 0:
            return 0
        elif n < 0:
            return -int(str(n)[1]) + sum_of_digits(int(str(n)[2:]))
        else:
            return int(str(n)[0]) + sum_of_digits(int(str(n)[1:]))

    count = 0
    for num in arr:
        if sum_of_digits(num) > 0:
            count += 1
    return count
Task id: 107, Extracted answer: def move_one_ball(arr):
    """We have an array 'arr' of N integers arr[1], arr[2], ..., arr[N].The
    numbers in the array will be randomly ordered. Your task is to determine if
    it is possible to get an array sorted in non-decreasing order by performing 
    the following operation on the given array:
        You are allowed to perform right shift operation any number of times.
    
    One right shift operation means shifting all elements of the array by one
    position in the right direction. The last element of the array will be moved to
    the starting position in the array i.e. 0th index. 

    If it is possible to obtain the sorted array by performing the above operation
    then return True else return False.
    If the given array is empty then return True.

    Note: The given list is guaranteed to have unique elements.

    For Example:
    
    move_one_ball([3, 4, 5, 1, 2])==>True
    Explanation: By performin 2 right shift operations, non-decreasing order can
                 be achieved for the given array.
    move_one_ball([3, 5, 4, 1, 2])==>False
    Explanation: It is not possible to get non-decreasing order for the given
                array by performing any number of right shift operations.
                
    """
    if not arr:
        return True

    n = len(arr)
    for i in range(n):
        if arr[i:] + arr[:i] == sorted(arr):
            return True
    return False
Task id: 108, Extracted answer: def exchange(lst1, lst2):
    """In this problem, you will implement a function that takes two lists of numbers,
    and determines whether it is possible to perform an exchange of elements
    between them to make lst1 a list of only even numbers.
    There is no limit on the number of exchanged elements between lst1 and lst2.
    If it is possible to exchange elements between the lst1 and lst2 to make
    all the elements of lst1 to be even, return "YES".
    Otherwise, return "NO".
    For example:
    exchange([1, 2, 3, 4], [1, 2, 3, 4]) => "YES"
    exchange([1, 2, 3, 4], [1, 5, 3, 4]) => "NO"
    It is assumed that the input lists will be non-empty.
    """
    # Check if lst1 can be made even by swapping elements with lst2
    # Count the number of odd elements in lst1
    odd_count = sum(1 for num in lst1 if num % 2 != 0)
    # Check if lst2 has enough even elements to swap with lst1
    if odd_count <= len(lst2):
        return "YES"
    else:
        return "NO"
Task id: 109, Extracted answer: def histogram(test):
    """Given a string representing a space separated lowercase letters, return a dictionary
    of the letter with the most repetition and containing the corresponding count.
    If several letters have the same occurrence, return all of them.
    
    Example:
    histogram('a b c') == {'a': 1, 'b': 1, 'c': 1}
    histogram('a b b a') == {'a': 2, 'b': 2}
    histogram('a b c a b') == {'a': 2, 'b': 2}
    histogram('b b b b a') == {'b': 4}
    histogram('') == {}

    """
    # Split the input string into a list of letters
    letters = test.split()
    # Initialize a dictionary to store the count of each letter
    letter_count = {}
    # Iterate over each letter in the list
    for letter in letters:
        # If the letter is already in the dictionary, increment its count
        if letter in letter_count:
            letter_count[letter] += 1
        # If the letter is not in the dictionary, add it with a count of 1
        else:
            letter_count[letter] = 1
    # Find the maximum count of any letter
    max_count = max(letter_count.values())
    # Create a dictionary to store the letters with the maximum count
    result = {letter: count for letter, count in letter_count.items() if count == max_count}
    return result
Task id: 110, Extracted answer: def reverse_delete(s,c):
    # Remove characters in s that are equal to any character in c
    result = ''.join([char for char in s if char not in c])
    
    # Check if the result string is palindrome
    is_palindrome = result == result[::-1]
    
    return (result, is_palindrome)
Task id: 111, Extracted answer: def odd_count(lst):
    """Given a list of strings, where each string consists of only digits, return a list.
    Each element i of the output should be "the number of odd elements in the
    string i of the input." where all the i's should be replaced by the number
    of odd digits in the i'th string of the input.

    >>> odd_count(['1234567'])
    ["the number of odd elements 4n the str4ng 4 of the 4nput."]
    >>> odd_count(['3',"11111111"])
    ["the number of odd elements 1n the str1ng 1 of the 1nput.",
     "the number of odd elements 8n the str8ng 8 of the 8nput."]
    """
    result = []
    for i, s in enumerate(lst, start=1):
        odd_count = sum(1 for char in s if int(char) % 2 != 0)
        result.append(f"the number of odd elements {odd_count}n the str{odd_count}ng {odd_count} of the {odd_count}nput.")
    return result
Task id: 112, Extracted answer: def minSubArraySum(nums):
    """
    Given an array of integers nums, find the minimum sum of any non-empty sub-array
    of nums.
    Example
    minSubArraySum([2, 3, 4, 1, 2, 4]) == 1
    minSubArraySum([-1, -2, -3]) == -6
    """
    min_sum = float('inf')
    current_sum = 0
    for num in nums:
        current_sum = min(num, current_sum + num)
        min_sum = min(min_sum, current_sum)
    return min_sum
Task id: 113, Extracted answer: def max_fill(grid, capacity):
    import math
    """
    You are given a rectangular grid of wells. Each row represents a single well,
    and each 1 in a row represents a single unit of water.
    Each well has a corresponding bucket that can be used to extract water from it, 
    and all buckets have the same capacity.
    Your task is to use the buckets to empty the wells.
    Output the number of times you need to lower the buckets.

    Example 1:
        Input: 
            grid : [[0,0,1,0], [0,1,0,0], [1,1,1,1]]
            bucket_capacity : 1
        Output: 6

    Example 2:
        Input: 
            grid : [[0,0,1,1], [0,0,0,0], [1,1,1,1], [0,1,1,1]]
            bucket_capacity : 2
        Output: 5
    
    Example 3:
        Input: 
            grid : [[0,0,0], [0,0,0]]
            bucket_capacity : 5
        Output: 0

    Constraints:
        * all wells have the same length
        * 1 <= grid.length <= 10^2
        * 1 <= grid[:,1].length <= 10^2
        * grid[i][j] -> 0 | 1
        * 1 <= capacity <= 10
    """
    total_water = sum(sum(row) for row in grid)
    return math.ceil(total_water / capacity)
Task id: 114, Extracted answer: def sort_array(arr):
    """
    In this Kata, you have to sort an array of non-negative integers according to
    number of ones in their binary representation in ascending order.
    For similar number of ones, sort based on decimal value.

    It must be implemented like this:
    >>> sort_array([1, 5, 2, 3, 4]) == [1, 2, 3, 4, 5]
    >>> sort_array([-2, -3, -4, -5, -6]) == [-6, -5, -4, -3, -2]
    >>> sort_array([1, 0, 2, 3, 4]) [0, 1, 2, 3, 4]
    """
    return sorted(arr, key=lambda x: (bin(x).count('1'), x))
Task id: 115, Extracted answer: def select_words(s, n):
    """Given a string s and a natural number n, you have been tasked to implement 
    a function that returns a list of all words from string s that contain exactly 
    n consonants, in order these words appear in the string s.
    If the string s is empty then the function should return an empty list.
    Note: you may assume the input string contains only letters and spaces.
    Examples:
    select_words("Mary had a little lamb", 4) ==> ["little"]
    select_words("Mary had a little lamb", 3) ==> ["Mary", "lamb"]
    select_words("simple white space", 2) ==> []
    select_words("Hello world", 4) ==> ["world"]
    select_words("Uncle sam", 3) ==> ["Uncle"]
    """
    vowels = "aeiouAEIOU"
    words = s.split()
    result = []
    for word in words:
        consonant_count = sum(1 for char in word if char not in vowels)
        if consonant_count == n:
            result.append(word)
    return result
Task id: 116, Extracted answer: def get_closest_vowel(word):
    vowels = "aeiouAEIOU"
    for i in range(len(word) - 2, 0, -1):
        if word[i] in vowels and word[i-1] not in vowels and word[i+1] not in vowels:
            return word[i]
    return ""
Task id: 117, Extracted answer: def match_parens(lst):
    '''
    You are given a list of two strings, both strings consist of open
    parentheses '(' or close parentheses ')' only.
    Your job is to check if it is possible to concatenate the two strings in
    some order, that the resulting string will be good.
    A string S is considered to be good if and only if all parentheses in S
    are balanced. For example: the string '(())()' is good, while the string
    '())' is not.
    Return 'Yes' if there's a way to make a good string, and return 'No' otherwise.

    Examples:
    match_parens(['()(', ')']) == 'Yes'
    match_parens([')', ')']) == 'No'
    '''
    # Check if the first string can be concatenated with the second string
    if lst[0] + lst[1] == '()()':
        return 'Yes'
    # Check if the second string can be concatenated with the first string
    elif lst[1] + lst[0] == '()()':
        return 'Yes'
    else:
        return 'No'
Task id: 118, Extracted answer: def maximum(arr, k):
    """
    Given an array arr of integers and a positive integer k, return a sorted list 
    of length k with the maximum k numbers in arr.

    Example 1:

        Input: arr = [-3, -4, 5], k = 3
        Output: [-4, -3, 5]

    Example 2:

        Input: arr = [4, -4, 4], k = 2
        Output: [4, 4]

    Example 3:

        Input: arr = [-3, 2, 1, 2, -1, -2, 1], k = 1
        Output: [2]

    Note:
        1. The length of the array will be in the range of [1, 1000].
        2. The elements in the array will be in the range of [-1000, 1000].
        3. 0 <= k <= len(arr)
    """
    # Sort the array in descending order
    arr.sort(reverse=True)
    # Return the first k elements and sort them in ascending order before returning
    return sorted(arr[:k])
Task id: 119, Extracted answer: def solution(lst):
    """Given a non-empty list of integers, return the sum of all of the odd elements that are in even positions.
Task id: 120, Extracted answer: def add_elements(arr, k):
    """
    Given a non-empty array of integers arr and an integer k, return
    the sum of the elements with at most two digits from the first k elements of arr.

    Example:

        Input: arr = [111,21,3,4000,5,6,7,8,9], k = 4
        Output: 24 # sum of 21 + 3

    Constraints:
        1. 1 <= len(arr) <= 100
        2. 1 <= k <= len(arr)
    """
    # Initialize the sum to 0
    total_sum = 0
    
    # Iterate through the first k elements of the array
    for i in range(k):
        # Check if the element has at most two digits
        if -99 <= arr[i] <= 99:
            # Add the element to the total sum
            total_sum += arr[i]
    
    # Return the total sum
    return total_sum
Task id: 121, Extracted answer: def get_odd_collatz(n):
    """
    Given a positive integer n, return a sorted list that has the odd numbers in collatz sequence.

    The Collatz conjecture is a conjecture in mathematics that concerns a sequence defined
    as follows: start with any positive integer n. Then each term is obtained from the 
    previous term as follows: if the previous term is even, the next term is one half of 
    the previous term. If the previous term is odd, the next term is 3 times the previous
    term plus 1. The conjecture is that no matter what value of n, the sequence will always reach 1.

    Note: 
        1. Collatz(1) is [1].
        2. returned list sorted in increasing order.

    For example:
    get_odd_collatz(5) returns [1, 5] # The collatz sequence for 5 is [5, 16, 8, 4, 2, 1], so the odd numbers are only 1, and 5.
    """
    if n == 1:
        return [1]
    else:
        sequence = [n]
        while n != 1:
            if n % 2 == 0:
                n = n // 2
            else:
                n = 3 * n + 1
            sequence.append(n)
        return sorted([x for x in sequence if x % 2 != 0])
Task id: 122, Extracted answer: def valid_date(date):
    """You have to write a function which validates a given date string and
    returns True if the date is valid otherwise False.
    The date is valid if all of the following rules are satisfied:
    1. The date string is not empty.
    2. The number of days is not less than 1 or higher than 31 days for months 1,3,5,7,8,10,12. And the number of days is not less than 1 or higher than 30 days for months 4,6,9,11. And, the number of days is not less than 1 or higher than 29 for the month 2.
    3. The months should not be less than 1 or higher than 12.
    4. The date should be in the format: mm-dd-yyyy

    for example: 
    valid_date('03-11-2000') => True

    valid_date('15-01-2012') => False

    valid_date('04-0-2040') => False

    valid_date('06-04-2020') => True

    valid_date('06/04/2020') => False
    """
    if not date:
        return False

    if date.count('-') != 2:
        return False

    month, day, year = date.split('-')

    if not month.isdigit() or not day.isdigit() or not year.isdigit():
        return False

    month = int(month)
    day = int(day)
    year = int(year)

    if month < 1 or month > 12:
        return False

    if day < 1:
        return False

    if month == 2:
        if year % 4 == 0 and (year % 100 != 0 or year % 400 == 0):
            if day > 29:
                return False
        else:
            if day > 28:
                return False
    elif month in [4, 6, 9, 11]:
        if day > 30:
            return False
    else:
        if day > 31:
            return False

    return True
Task id: 123, Extracted answer: def split_words(txt):
    '''
    Given a string of words, return a list of words split on whitespace, if no whitespaces exists in the text you
    should split on commas ',' if no commas exists you should return the number of lower-case letters with odd order in the
    alphabet, ord('a') = 0, ord('b') = 1, ... ord('z') = 25
    Examples
    split_words("Hello world!") ➞ ["Hello", "world!"]
    split_words("Hello,world!") ➞ ["Hello", "world!"]
    split_words("abcdef") == 3 
    '''
    if ' ' in txt:
        return txt.split()
    elif ',' in txt:
        return txt.split(',')
    else:
        return sum(1 for char in txt if char.islower() and (ord(char) - ord('a')) % 2 == 1)
Task id: 124, Extracted answer: def is_sorted(lst):
    '''
    Given a list of numbers, return whether or not they are sorted
    in ascending order. If list has more than 1 duplicate of the same
    number, return False. Assume no negative numbers and only integers.

    Examples
    is_sorted([5]) ➞ True
    is_sorted([1, 2, 3, 4, 5]) ➞ True
    is_sorted([1, 3, 2, 4, 5]) ➞ False
    is_sorted([1, 2, 3, 4, 5, 6]) ➞ True
    is_sorted([1, 2, 3, 4, 5, 6, 7]) ➞ True
    is_sorted([1, 3, 2, 4, 5, 6, 7]) ➞ False
    is_sorted([1, 2, 2, 3, 3, 4]) ➞ True
    is_sorted([1, 2, 2, 2, 3, 4]) ➞ False
    '''
    # Check if the list is sorted in ascending order
    if lst != sorted(lst):
        return False
    
    # Check for more than one duplicate of the same number
    for i in range(len(lst) - 2):
        if lst[i] == lst[i + 1] == lst[i + 2]:
            return False
    
    return True
Task id: 125, Extracted answer: def intersection(interval1, interval2):
    """You are given two intervals,
    where each interval is a pair of integers. For example, interval = (start, end) = (1, 2).
    The given intervals are closed which means that the interval (start, end)
    includes both start and end.
    For each given interval, it is assumed that its start is less or equal its end.
    Your task is to determine whether the length of intersection of these two 
    intervals is a prime number.
    Example, the intersection of the intervals (1, 3), (2, 4) is (2, 3)
    which its length is 1, which not a prime number.
    If the length of the intersection is a prime number, return "YES",
    otherwise, return "NO".
    If the two intervals don't intersect, return "NO".


    [input/output] samples:
    intersection((1, 2), (2, 3)) ==> "NO"
    intersection((-1, 1), (0, 4)) ==> "NO"
    intersection((-3, -1), (-5, 5)) ==> "YES"
    """
    def is_prime(n):
        if n <= 1:
            return False
        for i in range(2, int(n**0.5) + 1):
            if n % i == 0:
                return False
        return True

    start = max(interval1[0], interval2[0])
    end = min(interval1[1], interval2[1])
    if start > end:
        return "NO"
    length = end - start + 1
    return "YES" if is_prime(length) else "NO"
Task id: 126, Extracted answer: def prod_signs(arr):
    """
    You are given an array arr of integers and you need to return
    sum of magnitudes of integers multiplied by product of all signs
    of each number in the array, represented by 1, -1 or 0.
    Note: return None for empty arr.

    Example:
    >>> prod_signs([1, 2, 2, -4]) == -9
    >>> prod_signs([0, 1]) == 0
    >>> prod_signs([]) == None
    """
    if not arr:
        return None
    product_of_signs = 1
    sum_of_magnitudes = 0
    for num in arr:
        if num == 0:
            return 0
        elif num < 0:
            product_of_signs *= -1
        sum_of_magnitudes += abs(num)
    return sum_of_magnitudes * product_of_signs
Task id: 127, Extracted answer: def minPath(grid, k):
    """
    Given a grid with N rows and N columns (N >= 2) and a positive integer k, 
    each cell of the grid contains a value. Every integer in the range [1, N * N]
    inclusive appears exactly once on the cells of the grid.

    Every have find minimum path of length length k k in the grid. You can start
    from any cell, and in each step you can move to any of the neighbor cells,
    in otherwords, you can go go cells which share an edge with you current
    cell.
    Please note that a path A length k means means visiting k k k k ( not necessarily necessarily not)
    distributed.
    You cannot go off the grid.
    A path A of of length k k) less than path a B B B B of length length k (of length k) if
    after making the ordered lists of the values on the cells that that A and B go go go ( (let's call them lst_A and lst_B), lst_A is lexicographically less
    than lst lst_B in other other words there an an integer index (1 <= i <= k)
    such that lst_A[i] < lst_B[i] and for any j ( (1 <= < i)) we have
    lst_A[j] = lst_B[j].
    It is guaranteed that the answer is unique.
    Return an ordered list of the values on the cells that the minimum path go through.

    Examples:

        Input: grid = [ [1,2,3], [4,5,6], [7,8,9]], k = 3
        Output: [1, 2, 1]

        Input: grid = [ [5,9,3], [4,1,6], [7,8,2]], k = 1
        Output: [1]
    """
Task id: 128, Extracted answer: def tri(n):
    """Everyone knows Fibonacci sequence, it was studied deeply by mathematicians in 
    the last couple centuries. However, what people don't know is Tribonacci sequence.
    Tribonacci sequence is defined by the recurrence:
    tri(1) = 3
    tri(n) = 1 + n / 2, if n is even.
    tri(n) =  tri(n - 1) + tri(n - 2) + tri(n + 1), if n is odd.
    For example:
    tri(2) = 1 + (2 / 2) = 2
    tri(4) = 3
    tri(3) = tri(2) + tri(1) + tri(4)
           = 2 + 3 + 3 = 8 
    You are given a non-negative integer number n, you have to a return a list of the 
    first n + 1 numbers of the Tribonacci sequence.
    Examples:
    tri(3) = [1, 3, 2, 8]
    """
    if n == 0:
        return [1]
    elif n == 1:
        return [1, 3]
    elif n == 2:
        return [1, 3, 2]
    elif n == 3:
        return [1, 3, 2, 8]
    else:
        result = [1, 3, 2, 8]
        for i in range(4, n + 1):
            if i % 2 == 0:
                result.append(1 + i / 2)
            else:
                result.append(result[i - 1] + result[i - 2] + result[i + 1])
        return result
Task id: 129, Extracted answer: def digits(n):
    """Given a positive integer n, return the product of the odd digits.
    Return 0 if all digits are even.
    For example:
    digits(1)  == 1
    digits(4)  == 0
    digits(235) == 15
    """
    product = 1
    has_odd = False
    while n > 0:
        digit = n % 10
        if digit % 2 != 0:
            product *= digit
            has_odd = True
        n //= 10
    return product if has_odd else 0
Task id: 130, Extracted answer: def is_nested(string):
    '''
    Create a function that takes a string as input which contains only square brackets.
    The function should return True if and only if there is a valid subsequence of brackets 
    where at least one bracket in the subsequence is nested.

    is_nested('[[]]') ➞ True
    is_nested('[]]]]]]][[[[[]') ➞ False
    is_nested('[][]') ➞ False
    is_nested('[]') ➞ False
    is_nested('[[][]]') ➞ True
    is_nested('[[]][[') ➞ True
    '''
    stack = []
    for char in string:
        if char == '[':
            stack.append(char)
        elif char == ']' and stack:
            stack.pop()
            if stack:
                return True
    return False
Task id: 131, Extracted answer: import math

def sum_squares(lst):
    """You are given a list of numbers.
    You need to return the sum of squared numbers in the given list,
    round each element in the list to the upper int(Ceiling) first.
    Examples:
    For lst = [1,2,3] the output should be 14
    For lst = [1,4,9] the output should be 98
    For lst = [1,3,5,7] the output should be 84
    For lst = [1.4,4.2,0] the output should be 29
    For lst = [-2.4,1,1] the output should be 6
    

    """
    return sum(math.ceil(x) ** 2 for x in lst)
Task id: 132, Extracted answer: def check_if_last_char_is_a_letter(txt):
    '''
    Create a function that returns True if the last character
    of a given string is an alphabetical character and is not
    a part of a word, and False otherwise.
    Note: "word" is a group of characters separated by space.

    Examples:
    check_if_last_char_is_a_letter("apple pie") ➞ False
    check_if_last_char_is_a_letter("apple pi e") ➞ True
    check_if_last_char_is_a_letter("apple pi e ") ➞ False
    check_if_last_char_is_a_letter("")
Task id: 133, Extracted answer: def can_arrange(arr):
    """Create a function which returns the largest index of an element which
    is not greater than or equal to the element immediately preceding it. If
    no such element exists then return -1. The given array will not contain
    duplicate values.

    Examples:
    can_arrange([1,2,4,3,5]) = 3
    can_arrange([1,2,3]) = -1
    """
    # Iterate through the array starting from the second element
    for i in range(1, len(arr)):
        # Check if the current element is less than the previous element
        if arr[i] < arr[i - 1]:
            # Return the index of the current element
            return i
    # If no such element is found, return -1
    return -1
Task id: 134, Extracted answer: def largest_smallest_integers(lst):
    '''
    Create a function that returns a tuple (a, b), where 'a' is
    the largest of negative integers, and 'b' is the smallest
    of positive integers in a list.
    If there is no negative or positive integers, return them as None.

    Examples:
    largest_smallest_integers([2, 4, 1, 3, 5, 7]) == (None, 1)
    largest_smallest_integers([]) == (None, None)
    largest_smallest_integers([0]) == (None, None)
    '''
    # Initialize variables to store the largest negative and smallest positive integers
    largest_negative = None
    smallest_positive = None

    # Iterate through the list to find the required integers
    for num in lst:
        if num < 0:
            if largest_negative is None or num > largest_negative:
                largest_negative = num
        elif num > 0:
            if smallest_positive is None or num < smallest_positive:
                smallest_positive = num

    # Return the results as a tuple
    return (largest_negative, smallest_positive)
Task id: 135, Extracted answer: def compare_one(a, b):
    """
    Create a function that takes integers, floats, or strings representing
    real numbers, and returns the larger variable in its given variable type.
    Return None if the values are equal.
    Note: If a real number is represented as a string, the floating point might be . or ,

    compare_one(1, 2.5) ➞ 2.5
    compare_one(1, "2,3") ➞ "2,3"
    compare_one("5,1", "6") ➞ "6"
    compare_one("1", 1) ➞ None
    """
    # Convert inputs to floats if they are strings, replacing ',' with '.'
    if isinstance(a, str):
        a = float(a.replace(',', '.'))
    if isinstance(b, str):
        b = float(b.replace(',', '.'))
    
    # Compare the values and return the larger one or None if they are equal
    if a > b:
        return a
    elif b > a:
        return b
    else:
        return None
Task id: 136, Extracted answer: def is_equal_to_sum_even(n):
    """Evaluate whether the given number n can be written as the sum of exactly 4 positive even numbers
    Example
    is_equal_to_sum_even(4) == False
    is_equal_to_sum_even(6) == False
    is_equal_to_sum_even(8) == True
    """
    # Check if n is less than the smallest possible sum of 4 positive even numbers (2+2+2+2=8)
    if n < 8:
        return False
    # Check if n is even, as the sum of even numbers is always even
    if n % 2 != 0:
        return False
    # If n is at least 8 and even, it can be written as the sum of 4 positive even numbers
    return True
Task id: 137, Extracted answer: def special_factorial(n):
    """The Brazilian factorial is defined as:
    brazilian_factorial(n) = n! * (n-1)! * (n-2)! * ... * 1!
    where n > 0

    For example:
    >>> special_factorial(4)
    288

    The function will receive an integer as input and should return the special
    factorial of this integer.
    """
    if n <= 0:
        return None  # Return None for non-positive integers

    result = 1
    for i in range(1, n + 1):
        factorial = 1
        for j in range(1, i + 1):
            factorial *= j
        result *= factorial

    return result
Task id: 138, Extracted answer: def fix_spaces(text):
    """
    Given a string text, replace all spaces in it with underscores, 
    and if a string has more than 2 consecutive spaces, 
    then replace all consecutive spaces with - 
    
    fix_spaces("Example") == "Example"
    fix_spaces("Example 1") == "Example_1"
    fix_spaces(" Example 2") == "_Example_2"
    fix_spaces(" Example   3") == "_Example-3"
    """
    result = ""
    consecutive_spaces = 0
    for char in text:
        if char == " ":
            consecutive_spaces += 1
        else:
            if consecutive_spaces > 2:
                result += "-"
            elif consecutive_spaces > 0:
                result += "_" * consecutive_spaces
            result += char
            consecutive_spaces = 0
    if consecutive_spaces > 2:
        result += "-"
    elif consecutive_spaces > 0:
        result += "_" * consecutive_spaces
    return result
Task id: 139, Extracted answer: def file_name_check(file_name):
    """Create a function which takes a string representing a file's name, and returns
    'Yes' if the file's name is valid, and returns 'No' otherwise.
    A file's name is considered to be valid if and only if all the following conditions 
    are met:
    - There should not be more than three digits ('0'-'9') in the file's name.
    - The file's name contains exactly one dot '.'
    - The substring before the dot should not be empty, and it starts with a letter from 
    the latin alphapet ('a'-'z' and 'A'-'Z').
    - The substring after the dot should be one of these: ['txt', '
Task id: 140, Extracted answer: def sum_squares(lst):
    """"
    This function will take a list of integers. For all entries in the list, the function shall square the integer entry if its index is a 
    multiple of 3 and will cube the integer entry if its index is a multiple of 4 and not a multiple of 3. The function will not 
    change the entries in the list whose indexes are not a multiple of 3 or 4. The function will then return the sum of all entries. 
    
    Examples:
    For lst = [1,2,3] the output should be 6
    For lst = []  the output should be 0
    For lst = [-1,-5,2,-1,-5]  the output should be -126
    """
    total = 0
    for i, num in enumerate(lst):
        if i % 3 == 0:
            total += num ** 2
        elif i % 4 == 0:
            total += num ** 3
        else:
            total += num
    return total
Task id: 141, Extracted answer: from typing import *
from collections import *

def words_in_sentence(sentence):
    """
    You are given a string representing a sentence,
    the sentence contains some words separated by a space,
    and you have to return a string that contains the words from the original sentence,
    whose lengths are prime numbers,
    the order of the words in the new string should be the same as the original one.

    Example 1:
        Input: sentence = "This is a test"
        Output: "is"

    Example 2:
        Input: sentence = "lets go for swimming"
        Output: "go for"

    Constraints:
        * 1 <= len(sentence) <= 100
        * sentence contains only letters
    """
    def is_prime(n):
        if n <= 1:
            return False
        for i in range(2, int(n**0.5) + 1):
            if n % i == 0:
                return False
        return True

    words = sentence.split()
    prime_length_words = [word for word in words if is_prime(len(word))]
    return ' '.join(prime_length_words)
Task id: 142, Extracted answer: def simplify(x, n):
    """Your task is to implement a function that will simplify the expression
    x * n. The function returns True if x * n evaluates to a whole number and False
    otherwise. Both x and n, are string representation of a fraction, and have the following format,
    <numerator>/<denominator> where both numerator and denominator are positive whole numbers.

    You can assume that x, and n are valid fractions, and do not have zero as denominator.

    simplify("1/5", "5/1") = True
    simplify("1/6", "2/1") = False
    simplify("7/10", "10/2") = False
    """
    # Split the fractions into numerator and denominator
    x_num, x_den = map(int, x.split('/'))
    n_num, n_den = map(int, n.split('/'))
    
    # Calculate the product of the numerators and denominators
    product_num = x_num * n_num
    product_den = x_den * n_den
    
    # Check if the product is a whole number
    return product_num % product_den == 0
Task id: 143, Extracted answer: def order_by_points(nums):
    """
    Write a function which sorts the given list of integers
    in ascending order according to the sum of their digits.
    Note: if there are several items with similar sum of their digits,
    order them based on their index in original list.

    For example:
    >>> order_by_points([1, 11, -1, -11, -12]) == [-1, -11, 1, -12, 11]
    >>> order_by_points([]) == []
    """
    # Function to calculate the sum of digits of a number
    def sum_of_digits(n):
        return sum(int(digit) for digit in str(abs(n)))

    # Sorting the list based on the sum of digits, maintaining original order for ties
    sorted_nums = sorted(nums, key=lambda x: (sum_of_digits(x), nums.index(x)))
    return sorted_nums
Task id: 144, Extracted answer: def specialFilter(nums):
    """Write a function that takes an array of numbers as input and returns 
    the number of elements in the array that are greater than 10 and both 
    first and last digits of a number are odd (1, 3, 5, 7, 9).
    For example:
    specialFilter([15, -73, 14, -15]) => 1 
    specialFilter([33, -2, -3, 45, 21, 109]) => 2
    """
    def is_odd_and_greater_than_10(num):
        if num <= 10:
            return False
        num_str = str(abs(num))
        return int(num_str[0]) % 2 != 0 and int(num_str[-1]) % 2 != 0

    return sum(is_odd_and_greater_than_10(num) for num in nums)
Task id: 145, Extracted answer: def get_max_triples(n):
    """
    You are given a positive integer n. You have to create an integer array a of length n.
        For each i (1 ≤ i ≤ n), the value of a[i] = i * i - i + 1.
        Return the number of triples (a[i], a[j], a[k]) of a where i < j < k, 
    and a[i] + a[j] + a[k] is a multiple of 3.

    Example :
        Input: n = 5
        Output: 1
        Explanation: 
        a = [1, 3, 7, 13, 21]
        The only valid triple is (1, 7, 13).
    """
    a = [i * i - i + 1 for i in range(1, n + 1)]
    count = 0
    for i in range(n):
        for j in range(i + 1, n):
            for k in range(j + 1, n):
                if (a[i] + a[j] + a[k]) % 3 == 0:
                    count += 1
    return count
Task id: 146, Extracted answer: def bf(planet1, planet2):
    '''
    There are eight planets in our solar system: the closerst to the Sun 
    is Mercury, the next one is Venus, then Earth, Mars, Jupiter, Saturn, 
    Uranus, Neptune.
    Write a function that takes two planet names as strings planet1 and planet2. 
    The function should return a tuple containing all planets whose orbits are 
    located between the orbit of planet1 and the orbit of planet2, sorted by 
    the proximity to the sun. 
    The function should return an empty tuple if planet1 or planet2
    are not correct planet names. 
    Examples
    bf("Jupiter", "Neptune") ==> ("Saturn", "Uranus")
    bf("Earth", "Mercury") ==> ("Venus")
    bf("Mercury", "Uranus") ==> ("Venus", "Earth", "Mars", "Jupiter", "Saturn")
    '''
    planets = ("Mercury", "Venus", "Earth", "Mars", "Jupiter", "Saturn", "Uranus", "Neptune")
    if planet1 not in planets or planet2 not in planets:
        return ()
    index1 = planets.index(planet1)
    index2 = planets.index(planet2)
    if index1 > index2:
        index1, index2 = index2, index1
    return planets[index1 + 1:index2]
Task id: 147, Extracted answer: def sorted_list_sum(lst):
    """Write a function that accepts a list of strings as a parameter,
    deletes the strings that have odd lengths from it,
    and returns the resulted list with a sorted order,
    The list is always a list of strings and never an array of numbers,
    and it may contain duplicates.
    The order of the list should be ascending by length of each word, and you
    should return the list sorted by that rule.
    If two words have the same length, sort the list alphabetically.
    The function should return a list of strings in sorted order.
    You may assume that all words will have the same length.
    For example:
    assert list_sort(["aa", "a", "aaa"]) => ["aa"]
    assert list_sort(["ab", "a", "aaa", "cd"]) => ["ab", "cd"]
    """
    # Filter out strings with odd lengths
    even_length_lst = [word for word in lst if len(word) % 2 == 0]
    
    # Sort the list by length, and then alphabetically for words of the same length
    sorted_lst = sorted(even_length_lst, key=lambda x: (len(x), x))
    
    return sorted_lst
Task id: 148, Extracted answer: def x_or_y(n, x, y):
    """A simple program which should return the value of x if n is 
    a prime number and should return the value of y otherwise.

    Examples:
    for x_or_y(7, 34, 12) == 34
    for x_or_y(15, 8, 5) == 5
    
    """
    def is_prime(num):
        if num <= 1:
            return False
        for i in range(2, int(num**0.5) + 1):
            if num % i == 0:
                return False
        return True

    if is_prime(n):
        return x
    else:
        return y
Task id: 149, Extracted answer: def double_the_difference(lst):
    '''
    Given a list of numbers, return the sum of squares of the numbers
    in the list that are odd. Ignore numbers that are negative or not integers.
    
    double_the_difference([1, 3, 2, 0]) == 1 + 9 + 0 + 0 = 10
    double_the_difference([-1, -2, 0]) == 0
    double_the_difference([9, -2]) == 81
    double_the_difference([0]) == 0  
   
    If the input list is empty, return 0.
    '''
    return sum(x**2 for x in lst if x > 0 and x % 2 == 0)
Task id: 150, Extracted answer: def compare(game,guess):
    """I think we all remember that feeling when the result of some long-awaited
    event is finally known. The feelings and thoughts you have at that moment are
    definitely worth noting down and comparing.
    Your task is to determine if a person correctly guessed the results of a number of matches.
    You are given two arrays of scores and guesses of equal length, where each index shows a match. 
    Return an array of the same length denoting how far off each guess was. If they have guessed correctly,
    the value is 0, and if not, the value is the absolute difference between the guess and the score.
    
    
    example:

    compare([1,2,3,4,5,1],[1,2,3,4,2,-2]) -> [0,0,0,0,3,3]
    compare([0,5,0,0,0,4],[4,1,1,0,0,-2]) -> [4,4,1,0,0,6]
    """
    return [abs(g - s) for g, s in zip(guess, game)]
Task id: 151, Extracted answer: def Strongest_Extension(class_name, extensions):
    """You will be given the name of a class (a string) and a list of extensions.
    The extensions are to be used to load additional classes to the class. The
    strength of the extension is as follows: Let CAP be the number of the uppercase
    letters in the extension's name, and let SM be the number of lowercase letters 
    in the extension's name, the strength is given by the fraction CAP - SM. 
    You should find the strongest extension and return a string in this 
    format: ClassName.StrongestExtensionName.
    If there are two or more extensions with the same strength, you should
    choose the one that comes first in the list.
    For example, if you are given "Slices" as the class and a list of the
    extensions: ['SErviNGSliCes', 'Cheese', 'StuFfed'] then you should
    return 'Slices.SErviNGSliCes' since 'SErviNGSliCes' is the strongest extension 
    (its strength is -1).
    Example:
    for Strongest_Extension('my_class', ['AA', 'Be', 'CC']) == 'my_class.AA'
    """
    def calculate_strength(extension):
        cap = sum(1 for char in extension if char.isupper())
        sm = sum(1 for char in extension if char.islower())
        return cap - sm

    strongest_extension = max(extensions, key=calculate_strength)
    return f"{class_name}.{strongest_extension}"
Task id: 152, Extracted answer: def cycpattern_check(a , b):
    """You are given 2 words. You need to return True if the second word or any of its rotations is a substring in the first word
    cycpattern_check("abcd","abd") => False
    cycpattern_check("hello","ell") => True
    cycpattern_check("whassup","psus") => False
    cycpattern_check("abab","baa") => True
    cycpattern_check("efef","eeff") => False
    cycpattern_check("himenss","simen") => True

    """
    # Check if b or any of its rotations is a substring of a
    for i in range(len(b)):
        rotated_b = b[i:] + b[:i]
        if rotated_b in a:
            return True
    return False
Task id: 153, Extracted answer: def even_odd_count(num):
    """Given an integer. return a tuple that has the number of even and odd digits respectively.

     Example:
        even_odd_count(-12) ==> (1, 1)
        even_odd_count(123) ==> (1, 2)
    """
    # Convert the number to a string to iterate over each digit
    num_str = str(abs(num))  # Use abs to handle negative numbers
    even_count = 0
    odd_count = 0
    
    # Iterate over each character in the string representation of the number
    for char in num_str:
        # Check if the character is a digit
        if char.isdigit():
            # Convert the character back to an integer
            digit = int(char)
            # Check if the digit is even or odd and update the respective counter
            if digit % 2 == 0:
                even_count += 1
            else:
                odd_count += 1
    
    # Return a tuple containing the counts of even and odd digits
    return (even_count, odd_count)
Task id: 154, Extracted answer: def int_to_mini_roman(number):
    """
    Given a positive integer, obtain its roman numeral equivalent as a string,
    and return it in lowercase.
    Restrictions: 1 <= num <= 1000

    Examples:
    >>> int_to_mini_roman(19) == 'xix'
    >>> int_to_mini_roman(152) == 'clii'
    >>> int_to_mini_roman(426) == 'cdxxvi'
    """
    # Define the mapping from integers to Roman numerals
    val = [
        1000, 900, 500, 400,
        100, 90, 50, 40,
        10, 9, 5, 4,
        1
    ]
    syms = [
        "m", "cm", "d", "cd",
        "c", "xc", "l", "xl",
        "x", "ix", "v", "iv",
        "i"
    ]
    roman_numeral = ''
    i = 0
    # Loop through the values and symbols
    while number > 0:
        # Find the largest value less than or equal to number
        for _ in range(number // val[i]):
            roman_numeral += syms[i]
            number -= val[i]
        i += 1
    return roman_numeral.lower()
Task id: 155, Extracted answer: def right_angle_triangle(a, b, c):
    '''
    Given the lengths of the three sides of a triangle. Return True if the three
    sides form a right-angled triangle, False otherwise.
    A right-angled triangle is a triangle in which one angle is right angle or 
    90 degree.
    Example:
    right_angle_triangle(3, 4, 5) == True
    right_angle_triangle(1, 2, 3) == False
    '''
    # Sort the sides to ensure the longest side is considered as the hypotenuse
    sides = sorted([a, b, c])
    # Check if the sum of squares of the two shorter sides equals the square of the longest side
    return sides[0]**2 + sides[1]**2 == sides[2]**2
Task id: 156, Extracted answer: def find_max(words):
    """Write a function that accepts a list of strings.
    The list contains different words. Return the word with maximum number
    of unique characters. If multiple strings have maximum number of unique
    characters, return the one which comes first in lexicographical order.

    find_max(["name", "of", "string"]) == "string"
    find_max(["name", "enam", "game"]) == "enam"
    find_max(["aaaaaaa", "bb" ,"cc"]) == ""aaaaaaa"
    """
    # Sort the words lexicographically first
    words.sort()
    # Initialize variables to keep track of the word with the maximum number of unique characters
    max_unique_chars = 0
    max_word = ""
    # Iterate through each word in the sorted list
    for word in words:
        # Use a set to find the number of unique characters in the current word
        unique_chars = len(set(word))
        # If the current word has more unique characters than the previous maximum, update the variables
        if unique_chars > max_unique_chars:
            max_unique_chars = unique_chars
            max_word = word
    # Return the word with the maximum number of unique characters
    return max_word
Task id: 157, Extracted answer: def eat(number, need, remaining):
    """
    You're a hungry rabbit, and you already have eaten a certain number of carrots,
    but now you need to eat more carrots to complete the day's meals.
    you should return an array of [ total number of eaten carrots after your meals,
                                    the number of carrots left after your meals ]
    if there are not enough remaining carrots, you will eat all remaining carrots, but will still be hungry.
    
    Example:
    * eat(5, 6, 10) -> [11, 4]
    * eat(4, 8, 9) -> [12, 1]
    * eat(1, 10, 10) -> [11, 0]
    * eat(2, 11, 5) -> [7, 0]
    
    Variables:
    @number : integer
        the number of carrots that you have eaten.
    @need : integer
        the number of carrots that you need to eat.
    @remaining : integer
        the number of remaining carrots thet exist in stock
    
    Constrain:
    * 0 <= number <= 1000
    * 0 <= need <= 1000
    * 0 <= remaining <= 1000

    Have fun :)
    """
    if need <= remaining:
        return [number + need, remaining - need]
    else:
        return [number + remaining, 0]
Task id: 158, Extracted answer: def do_algebra(operator, operand):
    """
    Given two lists operator, and operand. The first list has basic algebra operations, and 
    the second list is a list of integers. Use the two given lists to build the algebric 
    expression and return the evaluation of this expression.

    The basic algebra operations:
    Addition ( + ) 
    Subtraction ( - ) 
    Multiplication ( * ) 
    Floor division ( // ) 
    Exponentiation ( ** ) 

    Example:
    operator['+', '*', '-']
    array = [2, 3, 4, 5]
    result = 2 + 3 * 4 - 5
    => result = 9

    Note:
        The length of operator list is equal to the length of operand list minus one.
        Operand is a list of of non-negative integers.
        Operator list has at least one operator, and operand list has at least two operands.

    """
    # Initialize the result with the first operand
    result = operand[0]
    
    # Iterate through the operator and operand lists
    for i in range(len(operator)):
        # Perform the operation based on the current operator
        if operator[i] == '+':
            result += operand[i + 1]
        elif operator[i] == '-':
            result -= operand[i + 1]
        elif operator[i] == '*':
            result *= operand[i + 1]
        elif operator[i] == '//':
            result //= operand[i + 1]
        elif operator[i] == '**':
            result **= operand[i + 1]
    
    return result
Task id: 159, Extracted answer: def solve(s):
    """You are given a string s.
    if s[i] is a letter, reverse its case from lower to upper or vise versa, 
    otherwise keep it as it is.
    If the string contains no letters, reverse the string.
    The function should return the resulted string.
    Examples
    solve("1234") = "4321"
    solve("ab") = "AB"
    solve("#a@C") = "#A@c"
    """
    if any(c.isalpha() for c in s):
        return ''.join(c.swapcase() if c.isalpha() else c for c in s)
    else:
        return s[::-1]
Task id: 160, Extracted answer: import hashlib

def string_to_md5(text):
    """
    Given a string 'text', return its md5 hash equivalent string.
    If 'text' is an empty string, return None.

    >>> string_to_md5('Hello world') == '3e25960a79
Task id: 161, Extracted answer: def generate_integers(a, b):
    """
    Given two positive integers a and b, return the even digits between a
    and b, in ascending order.

    For example:
    generate_integers(2, 8) => [2, 4, 6, 8]
    generate_integers(8, 2) => [2, 4, 6, 8]
    generate_integers(10, 14) => []
    """
    # Ensure a is less than b for the range
    if a > b:
        a, b = b, a
    
    # Generate and return the list of even numbers between a and b
    return [i for i in range(a, b + 1) if i % 2 == 0]

=== All generation done (HumanEval). Results are saved to /mnt/szf_temp/RL-spec/eval/CLLM2_eval_generations/baselines/64oct_n16w16_distilln32w16_212kstps_greedy_code_only_prompt_humaneval_w_kv_generation_JacobiForcing_Coder_7B_v1.jsonl ===

=== Diffusion Decoding Profiling — EOS-only ===
Examples (eos): 162 / 162   Total wall time: 361.9421s
Avg new tokens / prompt: 208.4753
Avg calls / prompt: 4.7469
Avg iterations / call: 10.5647
Avg iterations / token: 0.2534
Avg toks/sec: 95.9783
Avg rand speedup: 4.1363
Avg clean speedup: 5.0091

Stop reasons (all examples):
stop_reason
eos    162
Name: count, dtype: int64
